Syykoodiryhmä;Syykoodiryhmän selite;1-taso;1-tason selite;2-taso;2-tason selite;2-tason tarkentaja;POHA luonti;Tarkennus-käyttöliittymä;Junanumerolinkitys LOKIssa;Junanumerolinkitys POHAssa;Junanumerolinkitys KUTIssa;Pakollinen selite LOKIssa;Pakollinen selite POHAssa;Pakollinen selite KUTIssa;Ratatyölinkitys LOKIssa;Ratatyölinkitys POHAssa;Nopeusrajoitus linkitys LOKIssa;Sanktioitava;Vastuutaho;Milloin 1-tason syykoodia käytetään;Ohjeet 2-tason tarkenteen käyttöön ja lisähuomiot
H;Henkilökunta;H1;Henkilökunta puuttuu;H101;Veturinkuljettaja puuttuu;opk;;KUTI;;;;;;;;;;;liikennöitsijä;"Kun junan lähtö viivästyy junassa toimivan henkilökunnan puuttumisesta johtuen (esim. sairastumisen, resurssipula tai väärinkäsitys). Myös tilanteen joissa odotetaan henkilökuntaa toisesta junasta.";
H;Henkilökunta;H1;Henkilökunta puuttuu;H102;Konduktööri puuttuu;opk;;KUTI;;;;;;;;;;;liikennöitsijä;"Kun junan lähtö viivästyy junassa toimivan henkilökunnan puuttumisesta johtuen (esim. sairastumisen, resurssipula tai väärinkäsitys). Myös tilanteen joissa odotetaan henkilökuntaa toisesta junasta.";
H;Henkilökunta;H1;Henkilökunta puuttuu;H103;Muun henkilökunnan puuttuminen;opk;;KUTI;;;;;;;;;;;liikennöitsijä;"Kun junan lähtö viivästyy junassa toimivan henkilökunnan puuttumisesta johtuen (esim. sairastumisen, resurssipula tai väärinkäsitys). Myös tilanteen joissa odotetaan henkilökuntaa toisesta junasta.";
H;Henkilökunta;H1;Henkilökunta puuttuu;H104;Veturinkuljettaja myöhässä olevasta junasta;opk;;KUTI;;;x;;;;;;;;liikennöitsijä;"Kun junan lähtö viivästyy junassa toimivan henkilökunnan puuttumisesta johtuen (esim. sairastumisen, resurssipula tai väärinkäsitys). Myös tilanteen joissa odotetaan henkilökuntaa toisesta junasta.";
H;Henkilökunta;H1;Henkilökunta puuttuu;H105;Konduktööri myöhässä olevasta junasta;opk;;KUTI;;;x;;;;;;;;liikennöitsijä;"Kun junan lähtö viivästyy junassa toimivan henkilökunnan puuttumisesta johtuen (esim. sairastumisen, resurssipula tai väärinkäsitys). Myös tilanteen joissa odotetaan henkilökuntaa toisesta junasta.";
H;Henkilökunta;H1;Henkilökunta puuttuu;H106;Muu henkilökuntaryhmä myöhässä olevasta junasta;opk;;KUTI;;;x;;;;;;;;liikennöitsijä;"Kun junan lähtö viivästyy junassa toimivan henkilökunnan puuttumisesta johtuen (esim. sairastumisen, resurssipula tai väärinkäsitys). Myös tilanteen joissa odotetaan henkilökuntaa toisesta junasta.";
H;Henkilökunta;H2;Lähtövalmius- tai lähtöpoikkeamailmoitus tekemättä;;;;;LOKI;;;;x;;;;;;;liikennöitsijä;"Kun liikennöitsijän henkilöstö ei tee lähtövalmius- tai lähtöpoikkeamailmoitusta ajallaan.";
H;Henkilökunta;H3;Muu henkilökuntasyy;;;;;LOKI;;;;x;;;;;;;liikennöitsijä;"Kun myöhästyminen johtuu muista henkilökuntaan liittyvistä syistä. Esim. junassa toimivan henkilökunnan sairastumiset/sairaskohtaukset matkan aikana, junassa toimivan henkilökunnan toimintavirheet (esim. kokoonpanotietojen toimittamisen unohtaminen) sekä junan lähtövalmisteluihin liittyvän henkilökunnan (esim. vaihtotyönjohtaja tai jarrujenkoettelija) puuttuminen.";
J;Junanmuodostus;J1;Junan muodostaminen ratapihalla tai lähtöraiteella;J101;Vaunujen otto/jättö;opk;;KUTI;;;;;;;;;;;liikennöitsijä;"Kun junan lähtö viivästyy siksi, ettei sitä saada muodostettua ajoissa ratapihalla tai lähtöraiteella. Tavaraliikenteen osalta myös väliasemalla tapahtuvan vaunujen oton/jätön tai kurmauksen/purun viivästyminen.
HUOM!
  jos ongelma johtuu laiteviasta tai järjestelmäviasta, niin käytetään syykoodeja P1 (Ratainfran laiteviat) tai P2 (Tietojärjestelmäviat). 
 jos kyse on siitä, että junahenkilökunta ei ole tehnyt lähtövalmiusilmoitusta ajoissa, käytetään syykoodina H3. 
 jos lähtövalmiusilmoitusta ei saada tehtyä RAILI -järjestelmän vian vuoksi, käytetään syykoodina P401.
 jos lähtövalmiusilmoitus pitäisi tehdä tietojärjestelmän kautta, mutta sitä ei saada tehtyä, käytetään syykoodina P205.
 jos kyse on siitä, että odotetaan osaa junan kalustosta tai veturia, käytetään syykoodina K1/V1. 
 jos odotetaan koko lähtevää junaa varikolta tai seisontaraiteelta, käytetään syykoodina K1.";
J;Junanmuodostus;J1;Junan muodostaminen ratapihalla tai lähtöraiteella;J102;Vaunujen / vaunuryhmien odotus;opk;;KUTI;;;x;;;;;;;;liikennöitsijä;"Kun junan lähtö viivästyy siksi, ettei sitä saada muodostettua ajoissa ratapihalla tai lähtöraiteella. Tavaraliikenteen osalta myös väliasemalla tapahtuvan vaunujen oton/jätön tai kurmauksen/purun viivästyminen.
HUOM!
  jos ongelma johtuu laiteviasta tai järjestelmäviasta, niin käytetään syykoodeja P1 (Ratainfran laiteviat) tai P2 (Tietojärjestelmäviat). 
 jos kyse on siitä, että junahenkilökunta ei ole tehnyt lähtövalmiusilmoitusta ajoissa, käytetään syykoodina H3. 
 jos lähtövalmiusilmoitusta ei saada tehtyä RAILI -järjestelmän vian vuoksi, käytetään syykoodina P401.
 jos lähtövalmiusilmoitus pitäisi tehdä tietojärjestelmän kautta, mutta sitä ei saada tehtyä, käytetään syykoodina P205.
 jos kyse on siitä, että odotetaan osaa junan kalustosta tai veturia, käytetään syykoodina K1/V1. 
 jos odotetaan koko lähtevää junaa varikolta tai seisontaraiteelta, käytetään syykoodina K1.";
J;Junanmuodostus;J1;Junan muodostaminen ratapihalla tai lähtöraiteella;J103;Jarrujen koettelu ;opk;;KUTI;;;;;;;;;;;liikennöitsijä;"Kun junan lähtö viivästyy siksi, ettei sitä saada muodostettua ajoissa ratapihalla tai lähtöraiteella. Tavaraliikenteen osalta myös väliasemalla tapahtuvan vaunujen oton/jätön tai kurmauksen/purun viivästyminen.
HUOM!
  jos ongelma johtuu laiteviasta tai järjestelmäviasta, niin käytetään syykoodeja P1 (Ratainfran laiteviat) tai P2 (Tietojärjestelmäviat). 
 jos kyse on siitä, että junahenkilökunta ei ole tehnyt lähtövalmiusilmoitusta ajoissa, käytetään syykoodina H3. 
 jos lähtövalmiusilmoitusta ei saada tehtyä RAILI -järjestelmän vian vuoksi, käytetään syykoodina P401.
 jos lähtövalmiusilmoitus pitäisi tehdä tietojärjestelmän kautta, mutta sitä ei saada tehtyä, käytetään syykoodina P205.
 jos kyse on siitä, että odotetaan osaa junan kalustosta tai veturia, käytetään syykoodina K1/V1. 
 jos odotetaan koko lähtevää junaa varikolta tai seisontaraiteelta, käytetään syykoodina K1.";
J;Junanmuodostus;J1;Junan muodostaminen ratapihalla tai lähtöraiteella;J104;Häiriö päivystystyössä;opk;;KUTI;;;;;;;;;;;liikennöitsijä;"Kun junan lähtö viivästyy siksi, ettei sitä saada muodostettua ajoissa ratapihalla tai lähtöraiteella. Tavaraliikenteen osalta myös väliasemalla tapahtuvan vaunujen oton/jätön tai kurmauksen/purun viivästyminen.
HUOM!
  jos ongelma johtuu laiteviasta tai järjestelmäviasta, niin käytetään syykoodeja P1 (Ratainfran laiteviat) tai P2 (Tietojärjestelmäviat). 
 jos kyse on siitä, että junahenkilökunta ei ole tehnyt lähtövalmiusilmoitusta ajoissa, käytetään syykoodina H3. 
 jos lähtövalmiusilmoitusta ei saada tehtyä RAILI -järjestelmän vian vuoksi, käytetään syykoodina P401.
 jos lähtövalmiusilmoitus pitäisi tehdä tietojärjestelmän kautta, mutta sitä ei saada tehtyä, käytetään syykoodina P205.
 jos kyse on siitä, että odotetaan osaa junan kalustosta tai veturia, käytetään syykoodina K1/V1. 
 jos odotetaan koko lähtevää junaa varikolta tai seisontaraiteelta, käytetään syykoodina K1.";
J;Junanmuodostus;J1;Junan muodostaminen ratapihalla tai lähtöraiteella;J105;Ylimääräinen vaihtotyö;opk;;KUTI;;;;;;;;;;;liikennöitsijä;"Kun junan lähtö viivästyy siksi, ettei sitä saada muodostettua ajoissa ratapihalla tai lähtöraiteella. Tavaraliikenteen osalta myös väliasemalla tapahtuvan vaunujen oton/jätön tai kurmauksen/purun viivästyminen.
HUOM!
  jos ongelma johtuu laiteviasta tai järjestelmäviasta, niin käytetään syykoodeja P1 (Ratainfran laiteviat) tai P2 (Tietojärjestelmäviat). 
 jos kyse on siitä, että junahenkilökunta ei ole tehnyt lähtövalmiusilmoitusta ajoissa, käytetään syykoodina H3. 
 jos lähtövalmiusilmoitusta ei saada tehtyä RAILI -järjestelmän vian vuoksi, käytetään syykoodina P401.
 jos lähtövalmiusilmoitus pitäisi tehdä tietojärjestelmän kautta, mutta sitä ei saada tehtyä, käytetään syykoodina P205.
 jos kyse on siitä, että odotetaan osaa junan kalustosta tai veturia, käytetään syykoodina K1/V1. 
 jos odotetaan koko lähtevää junaa varikolta tai seisontaraiteelta, käytetään syykoodina K1.";
J;Junanmuodostus;J1;Junan muodostaminen ratapihalla tai lähtöraiteella;J106;Asiakkaan kuormaus- / purkutyö;opk;;KUTI;;;;;;;;;;;liikennöitsijä;"Kun junan lähtö viivästyy siksi, ettei sitä saada muodostettua ajoissa ratapihalla tai lähtöraiteella. Tavaraliikenteen osalta myös väliasemalla tapahtuvan vaunujen oton/jätön tai kurmauksen/purun viivästyminen.
HUOM!
  jos ongelma johtuu laiteviasta tai järjestelmäviasta, niin käytetään syykoodeja P1 (Ratainfran laiteviat) tai P2 (Tietojärjestelmäviat). 
 jos kyse on siitä, että junahenkilökunta ei ole tehnyt lähtövalmiusilmoitusta ajoissa, käytetään syykoodina H3. 
 jos lähtövalmiusilmoitusta ei saada tehtyä RAILI -järjestelmän vian vuoksi, käytetään syykoodina P401.
 jos lähtövalmiusilmoitus pitäisi tehdä tietojärjestelmän kautta, mutta sitä ei saada tehtyä, käytetään syykoodina P205.
 jos kyse on siitä, että odotetaan osaa junan kalustosta tai veturia, käytetään syykoodina K1/V1. 
 jos odotetaan koko lähtevää junaa varikolta tai seisontaraiteelta, käytetään syykoodina K1.";
J;Junanmuodostus;J1;Junan muodostaminen ratapihalla tai lähtöraiteella;J107;Ratapihatyön suunnitteluvirhe;opk;;KUTI;;;;;;;;;;;liikennöitsijä;"Kun junan lähtö viivästyy siksi, ettei sitä saada muodostettua ajoissa ratapihalla tai lähtöraiteella. Tavaraliikenteen osalta myös väliasemalla tapahtuvan vaunujen oton/jätön tai kurmauksen/purun viivästyminen.
HUOM!
  jos ongelma johtuu laiteviasta tai järjestelmäviasta, niin käytetään syykoodeja P1 (Ratainfran laiteviat) tai P2 (Tietojärjestelmäviat). 
 jos kyse on siitä, että junahenkilökunta ei ole tehnyt lähtövalmiusilmoitusta ajoissa, käytetään syykoodina H3. 
 jos lähtövalmiusilmoitusta ei saada tehtyä RAILI -järjestelmän vian vuoksi, käytetään syykoodina P401.
 jos lähtövalmiusilmoitus pitäisi tehdä tietojärjestelmän kautta, mutta sitä ei saada tehtyä, käytetään syykoodina P205.
 jos kyse on siitä, että odotetaan osaa junan kalustosta tai veturia, käytetään syykoodina K1/V1. 
 jos odotetaan koko lähtevää junaa varikolta tai seisontaraiteelta, käytetään syykoodina K1.";
J;Junanmuodostus;J1;Junan muodostaminen ratapihalla tai lähtöraiteella;J108;Muu syy;opk;;KUTI;;;;;;x;;;;;liikennöitsijä;"Kun junan lähtö viivästyy siksi, ettei sitä saada muodostettua ajoissa ratapihalla tai lähtöraiteella. Tavaraliikenteen osalta myös väliasemalla tapahtuvan vaunujen oton/jätön tai kurmauksen/purun viivästyminen.
HUOM!
  jos ongelma johtuu laiteviasta tai järjestelmäviasta, niin käytetään syykoodeja P1 (Ratainfran laiteviat) tai P2 (Tietojärjestelmäviat). 
 jos kyse on siitä, että junahenkilökunta ei ole tehnyt lähtövalmiusilmoitusta ajoissa, käytetään syykoodina H3. 
 jos lähtövalmiusilmoitusta ei saada tehtyä RAILI -järjestelmän vian vuoksi, käytetään syykoodina P401.
 jos lähtövalmiusilmoitus pitäisi tehdä tietojärjestelmän kautta, mutta sitä ei saada tehtyä, käytetään syykoodina P205.
 jos kyse on siitä, että odotetaan osaa junan kalustosta tai veturia, käytetään syykoodina K1/V1. 
 jos odotetaan koko lähtevää junaa varikolta tai seisontaraiteelta, käytetään syykoodina K1.";
K;Kalusto, moottorijunat ja vaunut;K1;Kaluston odotus;K101;Kalustoa sitoutunut liikaa kunnossapitoon;opk;;KUTI;;;;;;;;;;;liikennöitsijä;Kun odotetaan osaa junan kalustosta, tai koko junaa varikolta tai seisontaraiteelta.;
K;Kalusto, moottorijunat ja vaunut;K1;Kaluston odotus;K102;Kalusto myöhässä olevasta junasta;opk;;KUTI;;;x;;;;;;;;liikennöitsijä;Kun odotetaan osaa junan kalustosta, tai koko junaa varikolta tai seisontaraiteelta.;
K;Kalusto, moottorijunat ja vaunut;K1;Kaluston odotus;K103;Saattoliike;opk;;KUTI;;;x;;;;;;;;liikennöitsijä;Kun odotetaan osaa junan kalustosta, tai koko junaa varikolta tai seisontaraiteelta.;
K;Kalusto, moottorijunat ja vaunut;K1;Kaluston odotus;K104;Varikolta tai seisontaraiteelta myöhässä;opk;;KUTI;;;;;;x;;;;;liikennöitsijä;Kun odotetaan osaa junan kalustosta, tai koko junaa varikolta tai seisontaraiteelta.;
K;Kalusto, moottorijunat ja vaunut;K1;Kaluston odotus;K105;Muu kalustopula;opk;;KUTI;;;;;;x;;;;;liikennöitsijä;Kun odotetaan osaa junan kalustosta, tai koko junaa varikolta tai seisontaraiteelta.;
K;Kalusto, moottorijunat ja vaunut;K2;Kalustovika;K201;JKV-vika (moottorijuna);opk;x;KUTI/POHA;;x;;;;;;;;x;liikennöitsijä;"Kun moottorijuna tai kalusto vikaantuu matkan aikana.
Jos juna jatkaa matkaansa alennetulla nopeudella, niin vain ensimmäinen myöhästyminen kirjataan koodille K2 koodille. Seuraavat kirjataan koodille K3.
Jos veturivetoisen junan osalta ei tiedetä onko vika kalustossa vai veturissa, niin käytetään syykoodia K2.";
K;Kalusto, moottorijunat ja vaunut;K2;Kalustovika;K202;Turvalaitevika (moottorijuna);opk;x;KUTI/POHA;;x;;;;;;;;x;liikennöitsijä;"Kun moottorijuna tai kalusto vikaantuu matkan aikana.
Jos juna jatkaa matkaansa alennetulla nopeudella, niin vain ensimmäinen myöhästyminen kirjataan koodille K2 koodille. Seuraavat kirjataan koodille K3.
Jos veturivetoisen junan osalta ei tiedetä onko vika kalustossa vai veturissa, niin käytetään syykoodia K2.";
K;Kalusto, moottorijunat ja vaunut;K2;Kalustovika;K203;Ovivika;opk;x;KUTI/POHA;;x;;;;;;;;x;liikennöitsijä;"Kun moottorijuna tai kalusto vikaantuu matkan aikana.
Jos juna jatkaa matkaansa alennetulla nopeudella, niin vain ensimmäinen myöhästyminen kirjataan koodille K2 koodille. Seuraavat kirjataan koodille K3.
Jos veturivetoisen junan osalta ei tiedetä onko vika kalustossa vai veturissa, niin käytetään syykoodia K2.";
K;Kalusto, moottorijunat ja vaunut;K2;Kalustovika;K204;Jarruvika;opk;x;KUTI/POHA;;x;;;;;;;;x;liikennöitsijä;"Kun moottorijuna tai kalusto vikaantuu matkan aikana.
Jos juna jatkaa matkaansa alennetulla nopeudella, niin vain ensimmäinen myöhästyminen kirjataan koodille K2 koodille. Seuraavat kirjataan koodille K3.
Jos veturivetoisen junan osalta ei tiedetä onko vika kalustossa vai veturissa, niin käytetään syykoodia K2.";
K;Kalusto, moottorijunat ja vaunut;K2;Kalustovika;K205;Pääkatkaisijavika;opk;x;KUTI/POHA;;x;;;;;;;;x;liikennöitsijä;"Kun moottorijuna tai kalusto vikaantuu matkan aikana.
Jos juna jatkaa matkaansa alennetulla nopeudella, niin vain ensimmäinen myöhästyminen kirjataan koodille K2 koodille. Seuraavat kirjataan koodille K3.
Jos veturivetoisen junan osalta ei tiedetä onko vika kalustossa vai veturissa, niin käytetään syykoodia K2.";
K;Kalusto, moottorijunat ja vaunut;K2;Kalustovika;K206;Laakerivika;opk;x;KUTI/POHA;;x;;;;;;;;x;liikennöitsijä;"Kun moottorijuna tai kalusto vikaantuu matkan aikana.
Jos juna jatkaa matkaansa alennetulla nopeudella, niin vain ensimmäinen myöhästyminen kirjataan koodille K2 koodille. Seuraavat kirjataan koodille K3.
Jos veturivetoisen junan osalta ei tiedetä onko vika kalustossa vai veturissa, niin käytetään syykoodia K2.";
K;Kalusto, moottorijunat ja vaunut;K2;Kalustovika;K207;Lovipyörä;opk;x;KUTI/POHA;;x;;;;;;;;;liikennöitsijä;"Kun moottorijuna tai kalusto vikaantuu matkan aikana.
Jos juna jatkaa matkaansa alennetulla nopeudella, niin vain ensimmäinen myöhästyminen kirjataan koodille K2 koodille. Seuraavat kirjataan koodille K3.
Jos veturivetoisen junan osalta ei tiedetä onko vika kalustossa vai veturissa, niin käytetään syykoodia K2.";
K;Kalusto, moottorijunat ja vaunut;K2;Kalustovika;K208;Virroitinvika;opk;x;KUTI/POHA;;x;;;;;;;;x;liikennöitsijä;"Kun moottorijuna tai kalusto vikaantuu matkan aikana.
Jos juna jatkaa matkaansa alennetulla nopeudella, niin vain ensimmäinen myöhästyminen kirjataan koodille K2 koodille. Seuraavat kirjataan koodille K3.
Jos veturivetoisen junan osalta ei tiedetä onko vika kalustossa vai veturissa, niin käytetään syykoodia K2.";
K;Kalusto, moottorijunat ja vaunut;K2;Kalustovika;K209;Käyttäjävirhe;opk;x;KUTI/POHA;;x;;;;;;;;x;liikennöitsijä;"Kun moottorijuna tai kalusto vikaantuu matkan aikana.
Jos juna jatkaa matkaansa alennetulla nopeudella, niin vain ensimmäinen myöhästyminen kirjataan koodille K2 koodille. Seuraavat kirjataan koodille K3.
Jos veturivetoisen junan osalta ei tiedetä onko vika kalustossa vai veturissa, niin käytetään syykoodia K2.";
K;Kalusto, moottorijunat ja vaunut;K2;Kalustovika;K210;Junan katkeaminen;opk;x;KUTI/POHA;;x;;;;;;;;x;liikennöitsijä;"Kun moottorijuna tai kalusto vikaantuu matkan aikana.
Jos juna jatkaa matkaansa alennetulla nopeudella, niin vain ensimmäinen myöhästyminen kirjataan koodille K2 koodille. Seuraavat kirjataan koodille K3.
Jos veturivetoisen junan osalta ei tiedetä onko vika kalustossa vai veturissa, niin käytetään syykoodia K2.";
K;Kalusto, moottorijunat ja vaunut;K2;Kalustovika;K211;Radiovika;opk;x;KUTI/POHA;;x;;;;;;;;x;liikennöitsijä;"Kun moottorijuna tai kalusto vikaantuu matkan aikana.
Jos juna jatkaa matkaansa alennetulla nopeudella, niin vain ensimmäinen myöhästyminen kirjataan koodille K2 koodille. Seuraavat kirjataan koodille K3.
Jos veturivetoisen junan osalta ei tiedetä onko vika kalustossa vai veturissa, niin käytetään syykoodia K2.";
K;Kalusto, moottorijunat ja vaunut;K2;Kalustovika;K212;Edo vika;opk;x;KUTI/POHA;;x;;;;;;;;x;liikennöitsijä;"Kun moottorijuna tai kalusto vikaantuu matkan aikana.
Jos juna jatkaa matkaansa alennetulla nopeudella, niin vain ensimmäinen myöhästyminen kirjataan koodille K2 koodille. Seuraavat kirjataan koodille K3.
Jos veturivetoisen junan osalta ei tiedetä onko vika kalustossa vai veturissa, niin käytetään syykoodia K2.";
K;Kalusto, moottorijunat ja vaunut;K2;Kalustovika;K213;Muu kalustovika;opk;x;KUTI/POHA;;x;;;;x;;;;x;liikennöitsijä;"Kun moottorijuna tai kalusto vikaantuu matkan aikana.
Jos juna jatkaa matkaansa alennetulla nopeudella, niin vain ensimmäinen myöhästyminen kirjataan koodille K2 koodille. Seuraavat kirjataan koodille K3.
Jos veturivetoisen junan osalta ei tiedetä onko vika kalustossa vai veturissa, niin käytetään syykoodia K2.";
K;Kalusto, moottorijunat ja vaunut;K3;Kalustosta johtuva nopeuden alennus;K301;Kiskojarrujen puute/Jarrupaino %;opk;;KUTI;;;;;;;;;;;liikennöitsijä;Kun junalla on muusta syystä kuin veturista johtuva nopeuden alennus.;
K;Kalusto, moottorijunat ja vaunut;K3;Kalustosta johtuva nopeuden alennus;K302;Korvaavan kaluston käyttö;opk;;KUTI;;;;;;;;;;;liikennöitsijä;Kun junalla on muusta syystä kuin veturista johtuva nopeuden alennus.;
K;Kalusto, moottorijunat ja vaunut;K3;Kalustosta johtuva nopeuden alennus;K303;Kallistusvika Sm3/Sm6;opk;;KUTI;;;;;;;;;;x;liikennöitsijä;Kun junalla on muusta syystä kuin veturista johtuva nopeuden alennus.;
K;Kalusto, moottorijunat ja vaunut;K3;Kalustosta johtuva nopeuden alennus;K304;Ylipaino;opk;;KUTI;;;;;;;;;;;liikennöitsijä;Kun junalla on muusta syystä kuin veturista johtuva nopeuden alennus.;
K;Kalusto, moottorijunat ja vaunut;K3;Kalustosta johtuva nopeuden alennus;K305;Kalustovika;opk;;KUTI;;;;;;;;;;;liikennöitsijä;Kun junalla on muusta syystä kuin veturista johtuva nopeuden alennus.;
K;Kalusto, moottorijunat ja vaunut;K3;Kalustosta johtuva nopeuden alennus;K306;Muu syy nopeuden alennukseen;opk;;KUTI;;;;;;;;;;;liikennöitsijä;Kun junalla on muusta syystä kuin veturista johtuva nopeuden alennus.;
K;Kalusto, moottorijunat ja vaunut;K4;Kytkentä;K401;Kytkentä, moottorijunat;opk;;KUTI;;;;;;;;;;x;liikennöitsijä;Kun junan matkan aikana on ongelmia uusien vaunujen kytkemisessä junaan tai kahden junarungon yhdistämisessä (matkustajajunat).;
K;Kalusto, moottorijunat ja vaunut;K4;Kytkentä;K402;Kytkentä, vaunut;opk;;KUTI;;;;;;;;;;x;liikennöitsijä;Kun junan matkan aikana on ongelmia uusien vaunujen kytkemisessä junaan tai kahden junarungon yhdistämisessä (matkustajajunat).;
K;Kalusto, moottorijunat ja vaunut;K4;Kytkentä;K403;Lumiperä;opk;;KUTI;;;;;;;;;;x;liikennöitsijä;Kun junan matkan aikana on ongelmia uusien vaunujen kytkemisessä junaan tai kahden junarungon yhdistämisessä (matkustajajunat).;
K;Kalusto, moottorijunat ja vaunut;K5;Irroitus;K501;Irroitus, moottorijunat;opk;;KUTI;;;;;;;;;;x;liikennöitsijä;Kun junan matkan aikana on ongelmia vaunujen irrottamisessa junasta tai kahden junarungon irrottamisessa toisistaan (matkustajajunat).;
K;Kalusto, moottorijunat ja vaunut;K5;Irroitus;K502;Irroitus, vaunut;opk;;KUTI;;;;;;;;;;x;liikennöitsijä;Kun junan matkan aikana on ongelmia vaunujen irrottamisessa junasta tai kahden junarungon irrottamisessa toisistaan (matkustajajunat).;
K;Kalusto, moottorijunat ja vaunut;K6;Katsastamaton kalusto;;;;;;;;;;;;;;;x;liikennöitsijä;Kun joudutaan poistamaan/vaihtamaan katsastamattoman kalusto junasta.;
V;Vetokalusto;V1;Veturin odotus junaan;V101;Vetureita sitoutunut liikaa kunnossapitoon;opk;;KUTI;;;;;;;;;;;liikennöitsijä;Kun odotetaan veturia junaan.;
V;Vetokalusto;V1;Veturin odotus junaan;V102;Veturi myöhässä olevasta junasta;opk;;KUTI;;;x;;;;;;;;liikennöitsijä;Kun odotetaan veturia junaan.;
V;Vetokalusto;V1;Veturin odotus junaan;V103;Veturin suunnittelematon lisäys/poisto/vaihto;opk;;KUTI;;;;;;;;;;;liikennöitsijä;Kun odotetaan veturia junaan.;
V;Vetokalusto;V1;Veturin odotus junaan;V104;Veturin suunnitteltu lisäys/poisto/vaihto;opk;;KUTI;;;;;;;;;;;liikennöitsijä;Kun odotetaan veturia junaan.;
V;Vetokalusto;V1;Veturin odotus junaan;V105;Saattoliike;opk;;KUTI;;;;;;;;;;;liikennöitsijä;Kun odotetaan veturia junaan.;
V;Vetokalusto;V1;Veturin odotus junaan;V106;Varikolta tai seisontaraiteelta myöhässä;opk;;KUTI;;;;;;x;;;;;liikennöitsijä;Kun odotetaan veturia junaan.;
V;Vetokalusto;V1;Veturin odotus junaan;V107;Muu veturipula;opk;;KUTI;;;;;;x;;;;;liikennöitsijä;Kun odotetaan veturia junaan.;
V;Vetokalusto;V2;Veturivika;V201;JKV-vika (veturissa);opk;x;KUTI/POHA;;x;;;;;;;;x;liikennöitsijä;"Kun veturi vikaantuu matkan aikana.
Jos juna jatkaa matkaansa alennetulla nopeudella, niin vain ensimmäinen myöhästyminen kirjataan koodille V2. Seuraavat kirjataan koodille V3.
Jos veturivetoisen junan osalta ei tiedetä onko vika kalustossa vai veturissa, niin käytetään syykoodia K2.";
V;Vetokalusto;V2;Veturivika;V202;Turvalaitevika (veturissa);opk;x;KUTI/POHA;;x;;;;;;;;x;liikennöitsijä;"Kun veturi vikaantuu matkan aikana.
Jos juna jatkaa matkaansa alennetulla nopeudella, niin vain ensimmäinen myöhästyminen kirjataan koodille V2. Seuraavat kirjataan koodille V3.
Jos veturivetoisen junan osalta ei tiedetä onko vika kalustossa vai veturissa, niin käytetään syykoodia K2.";
V;Vetokalusto;V2;Veturivika;V203;Vetolaitteen katkeaminen;opk;x;KUTI/POHA;;x;;;;;;;;x;liikennöitsijä;"Kun veturi vikaantuu matkan aikana.
Jos juna jatkaa matkaansa alennetulla nopeudella, niin vain ensimmäinen myöhästyminen kirjataan koodille V2. Seuraavat kirjataan koodille V3.
Jos veturivetoisen junan osalta ei tiedetä onko vika kalustossa vai veturissa, niin käytetään syykoodia K2.";
V;Vetokalusto;V2;Veturivika;V204;Jarruvika (vet.);opk;x;KUTI/POHA;;x;;;;;;;;x;liikennöitsijä;"Kun veturi vikaantuu matkan aikana.
Jos juna jatkaa matkaansa alennetulla nopeudella, niin vain ensimmäinen myöhästyminen kirjataan koodille V2. Seuraavat kirjataan koodille V3.
Jos veturivetoisen junan osalta ei tiedetä onko vika kalustossa vai veturissa, niin käytetään syykoodia K2.";
V;Vetokalusto;V2;Veturivika;V205;Radiovika;opk;x;KUTI/POHA;;x;;;;;;;;x;liikennöitsijä;"Kun veturi vikaantuu matkan aikana.
Jos juna jatkaa matkaansa alennetulla nopeudella, niin vain ensimmäinen myöhästyminen kirjataan koodille V2. Seuraavat kirjataan koodille V3.
Jos veturivetoisen junan osalta ei tiedetä onko vika kalustossa vai veturissa, niin käytetään syykoodia K2.";
V;Vetokalusto;V2;Veturivika;V206;Laakerivika;opk;x;KUTI/POHA;;x;;;;;;;;x;liikennöitsijä;"Kun veturi vikaantuu matkan aikana.
Jos juna jatkaa matkaansa alennetulla nopeudella, niin vain ensimmäinen myöhästyminen kirjataan koodille V2. Seuraavat kirjataan koodille V3.
Jos veturivetoisen junan osalta ei tiedetä onko vika kalustossa vai veturissa, niin käytetään syykoodia K2.";
V;Vetokalusto;V2;Veturivika;V207;Lovipyörä;opk;x;KUTI/POHA;;x;;;;;;;;;liikennöitsijä;"Kun veturi vikaantuu matkan aikana.
Jos juna jatkaa matkaansa alennetulla nopeudella, niin vain ensimmäinen myöhästyminen kirjataan koodille V2. Seuraavat kirjataan koodille V3.
Jos veturivetoisen junan osalta ei tiedetä onko vika kalustossa vai veturissa, niin käytetään syykoodia K2.";
V;Vetokalusto;V2;Veturivika;V208;Virroitinvika;opk;x;KUTI/POHA;;x;;;;;;;;x;liikennöitsijä;"Kun veturi vikaantuu matkan aikana.
Jos juna jatkaa matkaansa alennetulla nopeudella, niin vain ensimmäinen myöhästyminen kirjataan koodille V2. Seuraavat kirjataan koodille V3.
Jos veturivetoisen junan osalta ei tiedetä onko vika kalustossa vai veturissa, niin käytetään syykoodia K2.";
V;Vetokalusto;V2;Veturivika;V209;Muu veturivika;opk;x;KUTI/POHA;;x;;;;x;;;;x;liikennöitsijä;"Kun veturi vikaantuu matkan aikana.
Jos juna jatkaa matkaansa alennetulla nopeudella, niin vain ensimmäinen myöhästyminen kirjataan koodille V2. Seuraavat kirjataan koodille V3.
Jos veturivetoisen junan osalta ei tiedetä onko vika kalustossa vai veturissa, niin käytetään syykoodia K2.";
V;Vetokalusto;V3;Vetovoimasta johtuva nopeuden alennus / tehon puute;V301;Sähköveturin vaihto toiseen sähköveturiin;opk;;KUTI;;;;;;;;;;x;liikennöitsijä;Kun junalla on veturista johtuva nopeuden alennus.;
V;Vetokalusto;V3;Vetovoimasta johtuva nopeuden alennus / tehon puute;V302;Sähköveturin vaihto dieselveturiin;opk;;KUTI;;;;;;;;;;x;liikennöitsijä;Kun junalla on veturista johtuva nopeuden alennus.;
V;Vetokalusto;V3;Vetovoimasta johtuva nopeuden alennus / tehon puute;V303;Sm/Dm -> veturivetoinen juna;opk;;KUTI;;;;;;;;;;x;liikennöitsijä;Kun junalla on veturista johtuva nopeuden alennus.;
V;Vetokalusto;V3;Vetovoimasta johtuva nopeuden alennus / tehon puute;V304;Veturivetoinen juna -> Sm/Dm ;opk;;KUTI;;;;;;;;;;x;liikennöitsijä;Kun junalla on veturista johtuva nopeuden alennus.;
V;Vetokalusto;V3;Vetovoimasta johtuva nopeuden alennus / tehon puute;V305;Veturivika;opk;;KUTI;;;;;;;;;;x;liikennöitsijä;Kun junalla on veturista johtuva nopeuden alennus.;
V;Vetokalusto;V3;Vetovoimasta johtuva nopeuden alennus / tehon puute;V306;Muu syy nopeuden alennukseen ;opk;;KUTI;;;;;;x;;;;x;liikennöitsijä;Kun junalla on veturista johtuva nopeuden alennus.;
V;Vetokalusto;V4;Katsastamaton vetokalusto;;;;;;;;;;;;;;;x;liikennöitsijä;Kun joudutaan poistamaan/vaihtamaan katsastamattoman vetokalusto junasta.;
A;Aikataulu ja liikennöinti;A1;Mäkeenjäänti;A101;Kalusto, junakokoonpano;opk;x;KUTI/POHA;;x;;;;;;;;;liikennöitsijä;Kun juna jää mäkeen.;
A;Aikataulu ja liikennöinti;A1;Mäkeenjäänti;A102;Lehtikeli/liukkaus;opk;x;KUTI/POHA;;x;;;;;;;;;liikennöitsijä;Kun juna jää mäkeen.;
A;Aikataulu ja liikennöinti;A1;Mäkeenjäänti;A103;Tilapäiset nopeusrajoitukset;opk;x;KUTI/POHA;;x;;;;;;;;;liikennöitsijä;Kun juna jää mäkeen.;
A;Aikataulu ja liikennöinti;A1;Mäkeenjäänti;A104;Sähköradan tehonsyötön rajoitus;opk;x;KUTI/POHA;;x;;;;;;;;;liikennöitsijä;Kun juna jää mäkeen.;
A;Aikataulu ja liikennöinti;A1;Mäkeenjäänti;A105;Turvalaitteista johtuva;opk;x;KUTI/POHA;;x;;;;;;;;;liikennöitsijä;Kun juna jää mäkeen.;
A;Aikataulu ja liikennöinti;A1;Mäkeenjäänti;A106;Muu syy mäkeenjääntiin;opk;x;KUTI/POHA;;x;;;;x;;;;;liikennöitsijä;Kun juna jää mäkeen.;
A;Aikataulu ja liikennöinti;A2;Toistuva poikkeama aikataulusta;A201;Ajoajat ja/tai pysähdysajat kumulatiivisesti suunniteltua pidemmät;liikenteenohjaus;;LOKI;;;;x;;;;;;;liikennöitsijä;Vain vahvasti perustellusta syystä tilanteissa, joissa junan myöhästyminen joko kumuloituu useamman seurantavälin matkalla tai toistuu useampana päivänä samalla seuranta-asemalla tai -välillä. Liikenneohjaajan on tarkennettava tämä syy myös 2-tsolle ja anettava sanallinen selite tilanteesta LOKIn selitekenttään.;Jos junan myöhästyminen kumuloituu vähän kerrassaan useamman seuranta-asemavälin matkalla, eikä myöhästymiselle löydy syytä teknisestä viasta, matkustajaruuhkasta tai liikenneteknisistä syistä.
A;Aikataulu ja liikennöinti;A2;Toistuva poikkeama aikataulusta;A202;Aikataulusuunnittelu;liikenteenohjaus;;LOKI;;;;x;;;;;;;liikennöitsijä;Vain vahvasti perustellusta syystä tilanteissa, joissa junan myöhästyminen joko kumuloituu useamman seurantavälin matkalla tai toistuu useampana päivänä samalla seuranta-asemalla tai -välillä. Liikenneohjaajan on tarkennettava tämä syy myös 2-tsolle ja anettava sanallinen selite tilanteesta LOKIn selitekenttään.;Jos aikataulusuunnittelussa on selkeä virhe.
A;Aikataulu ja liikennöinti;A2;Toistuva poikkeama aikataulusta;A203;Liian lyhyt kääntöaika;liikenteenohjaus;;LOKI;;;;x;;;;;;;liikennöitsijä;Vain vahvasti perustellusta syystä tilanteissa, joissa junan myöhästyminen joko kumuloituu useamman seurantavälin matkalla tai toistuu useampana päivänä samalla seuranta-asemalla tai -välillä. Liikenneohjaajan on tarkennettava tämä syy myös 2-tsolle ja anettava sanallinen selite tilanteesta LOKIn selitekenttään.;Jos kääntöaika osoittautuu toistuvasti liian lyhyeksi.
A;Aikataulu ja liikennöinti;A2;Toistuva poikkeama aikataulusta;A204;Liian lyhyt veturin vaihtoaika;liikenteenohjaus;;LOKI;;;;x;;;;;;;liikennöitsijä;Vain vahvasti perustellusta syystä tilanteissa, joissa junan myöhästyminen joko kumuloituu useamman seurantavälin matkalla tai toistuu useampana päivänä samalla seuranta-asemalla tai -välillä. Liikenneohjaajan on tarkennettava tämä syy myös 2-tsolle ja anettava sanallinen selite tilanteesta LOKIn selitekenttään.;Jos veturin vaihtoaika osoittautuu toistuvasti liian lyhyeksi.
A;Aikataulu ja liikennöinti;A2;Toistuva poikkeama aikataulusta;A205;Liian raskas juna pysyäkseen aikataulussa;liikenteenohjaus;;LOKI;;;;x;;;;;;;liikennöitsijä;Vain vahvasti perustellusta syystä tilanteissa, joissa junan myöhästyminen joko kumuloituu useamman seurantavälin matkalla tai toistuu useampana päivänä samalla seuranta-asemalla tai -välillä. Liikenneohjaajan on tarkennettava tämä syy myös 2-tsolle ja anettava sanallinen selite tilanteesta LOKIn selitekenttään.;Jos juna on niin raskas että se ei kiihdy / pysähdy suunnitellusti. Liikenneohjaajan on varmistettava, että myöhästyminen ei johdu junan teknisestä viasta, veturin vaihdosta tai liukkaudesta.
A;Aikataulu ja liikennöinti;A3;Junaa ei ole ajettu;;;;;;;;;;;;;;;;liikennöitsijä;Tämä syykoodi kirjautuu junille, jotka kuitataan LOKIssa ei ajettu toiminnallisuudella. Sitä voidaan käyttää tilanteissa, joissa juna tiedetään perutuksi, mutta liikennöitsijä ei ole ajoissa tehnyt junan perumista LIIKE-järjestelmään. Tällä toiminnallisuudella liikenneohjaaja saa kuitattua LOKIn vaatimat tapahtumat pois listalta, mutta kirjaus ei tee junasta peruttua.;
E;Etuajassakulku;E1;Etuajassa lähtö;E101;Tulojuna etuajassa;liikenteenohjaus;;LOKI;x;;;;;;;;;;liikennöitsijä;Kun liikenneohjaaja antaa junalle luvan lähteä etuajassa alkuasemaltaan (vain tavaraliikenne).;Jos junan on valmis lähtemään etuajassa, koska juna tai sen veturi on saapunut edelliseltä matkaltaan etuajassa. Lisätietona liikenneohjaajan tulee kirjata sen junan junanumero, josta kalusto saapui etuajassa.
E;Etuajassakulku;E1;Etuajassa lähtö;E102;Kääntöajan alitus;liikenteenohjaus;;LOKI;;;;;;;;;;;liikennöitsijä;Kun liikenneohjaaja antaa junalle luvan lähteä etuajassa alkuasemaltaan (vain tavaraliikenne).;Jos juna on valmis lähtemään etuajassa, koska kääntyminen onnistui suunniteltua nopeammin.
E;Etuajassakulku;E1;Etuajassa lähtö;E103;Valmistuminen etuajassa;liikenteenohjaus;;LOKI;;;;;;;;;;;liikennöitsijä;Kun liikenneohjaaja antaa junalle luvan lähteä etuajassa alkuasemaltaan (vain tavaraliikenne).;Jos kyseessä ei ole kääntyvä juna ja se on valmis lähtemään etuajassa. Esim. vaihtotöitä on selkeästi suunniteltua vähemmän.
E;Etuajassakulku;E1;Etuajassa lähtö;E104;Junan priorisointi;liikenteenohjaus;;LOKI;x;;;x;;;;;;;liikenteenohjaus;Kun liikenneohjaaja antaa junalle luvan lähteä etuajassa alkuasemaltaan (vain tavaraliikenne).;Jos juna lähetetään liikkeelle etuajassa liikenneteknisistä syistä. Esimerkiksi ratapihan ollessa täynnä juna lähetetään liikkeelle etuajassa, jotta toinen juna mahtuu ratapihalle. Lisätietona liikenneohjaaja kirjaa sen junan junanumero, jonka takia kyseinen juna lähetettiin liikkeelle etuajassa. Jos on kyse laajemmasta kokonaisuudesta, niin liikenneohjaaja kirjaa selitteen tilanteesta.
E;Etuajassakulku;E1;Etuajassa lähtö;E105;Muu syy etuajassalähtöön;liikenteenohjaus;;LOKI;;;;x;;;;;;;liikennöitsijä;Kun liikenneohjaaja antaa junalle luvan lähteä etuajassa alkuasemaltaan (vain tavaraliikenne).;Jos etuajassalähtöön on joku muu kuin yllä olevissa tarkenteissa mainittu syy. Tällainen syy voi olla esimerkiksi junan lähettäminen matkaan etuajassa ratatöiden järjestelyiden takia. Syy etuajassa lähtöön on kirjattava selkeästi selitekenttään. Jos syy liittyy ratatöihin, tulee selitteeseen kirjata ratatyön JETI-numero.
E;Etuajassakulku;E2;Ajo- tai pysähdysajan alitus;E201;Pieni junakoko;liikenteenohjaus;;LOKI;;;;;;;;;;;liikennöitsijä;Kun etuajassakulku tapahtuu junan matkan aikana (vain tavaraliikenne).;Jos junan suunniteltua pienempi koko mahdollistaa aikataulua nopeamman kulun.
E;Etuajassakulku;E2;Ajo- tai pysähdysajan alitus;E202;Veturina kulku;liikenteenohjaus;;LOKI;;;;;;;;;;;liikennöitsijä;Kun etuajassakulku tapahtuu junan matkan aikana (vain tavaraliikenne).;Jos pelkkä veturi ajetaan junalle suunnitellulla aikataululla ja se johtaa etuajassakulkuun.
E;Etuajassakulku;E2;Ajo- tai pysähdysajan alitus;E203;Junakohtaus/-ohitus ei toteutunut;liikenteenohjaus;;LOKI;;;;;;;;;;;liikennöitsijä;Kun etuajassakulku tapahtuu junan matkan aikana (vain tavaraliikenne).;Jos aikatauluun suunniteltu junakohtaus tai -ohitus ei toteutunut. Esimerkiksi vastaan tuleva juna on peruttu.
E;Etuajassakulku;E2;Ajo- tai pysähdysajan alitus;E204;Muu poikkeama haetusta kapasiteetista;liikenteenohjaus;;LOKI;;;;x;;;;;;;liikennöitsijä;Kun etuajassakulku tapahtuu junan matkan aikana (vain tavaraliikenne).;Jos etuajassakulun syy on joku muu poikkeama haetusta kapasiteetista kuin muutos junan kokoonpanossa tai junakohtauksen / -ohituksen peruuntuminen. Esimerkiksi purku tai vaunujen jättö väliliikennepaikalla toteutuu suunniteltua nopeammin tai ei toteudu ollenkaan. Liikenneohjaaja antaa sanallisen selitteen tilanteesta myöhästymiskirjauksen seli-tekenttään LOKIssa.
L;Liikenteenhoito;L1;Yhteysliikenteen odotus (jatkoyhteydet) ;L101;Yhteysjunan odotus;liikenteenohjaus;;LOKI;x;;;;;;;;;;sekundäärinen;Kun myöhästyminen johtuu yhteysliikenteen odotuksesta (henkilöliikenne).;Jos odotetaan yhteysjunaa. Lisäselitteenä liikenneohjaaja kirjaa odotetun junan junanumeron.
L;Liikenteenhoito;L1;Yhteysliikenteen odotus (jatkoyhteydet) ;L102;Muu yhteysliikenteen odotus;liikenteenohjaus;;LOKI;;;;x;;;;;;;sekundäärinen;Kun myöhästyminen johtuu yhteysliikenteen odotuksesta (henkilöliikenne).;Jos odotetaan muuta yhteysliikennettä kuin junaa (taksit, bussit, laivat ym.). Liikenneohjaaja kirjaa lisätietona sanallisen selitteen tilanteesta. Jos odotetaan junan korvannutta taksia tai bussia, liikenneohjaaja kirjaa lisätietona korvatun junan numero.
L;Liikenteenhoito;L2;Junakohtaus, edellä kulkeva juna tai ohitus ;L201;Junakohtaus;liikenteenohjaus;;LOKI;x;;;;;;;;;;sekundäärinen;Kun myöhästyminen johtuu junakohtauksesta, edellä kulkevasta junasta tai toisen junan ohituksesta.;Jos juna joutuu junakohtauksessa odottamaan toista junaa suunniteltua pidempään (toinen juna on myöhässä) tai toteutuu suunnittelematon junakohtaus. Lisätietona liikenneohjaaja kirjaa kohdatun junan junanumero.
L;Liikenteenhoito;L2;Junakohtaus, edellä kulkeva juna tai ohitus ;L202;Toisen junan edelle päästäminen;liikenteenohjaus;;LOKI;x;;;;;;;;;;sekundäärinen;Kun myöhästyminen johtuu junakohtauksesta, edellä kulkevasta junasta tai toisen junan ohituksesta.;Jos juna joutuu päästämään toisen junan edelleen. Lisätietona kirjataan edelle päästetyn junan junanumero.
L;Liikenteenhoito;L2;Junakohtaus, edellä kulkeva juna tai ohitus ;L203;Edellä kulkevan junan ohitus;liikenteenohjaus;;LOKI;x;;;;;;;;;;sekundäärinen;Kun myöhästyminen johtuu junakohtauksesta, edellä kulkevasta junasta tai toisen junan ohituksesta.;Jos juna ohittamaan edellä kulkevan hitaamman junan. Lisätietona kirjataan ohitetun junan junanumero.
L;Liikenteenhoito;L2;Junakohtaus, edellä kulkeva juna tai ohitus ;L204;Edellä kulkeva juna;liikenteenohjaus;;LOKI;x;;;;;;;;;;sekundäärinen;Kun myöhästyminen johtuu junakohtauksesta, edellä kulkevasta junasta tai toisen junan ohituksesta.;Jos juna myöhästyy sen takia, että edellä kulkee hitaampi juna, eikä sitä pystytä ohittamaan seurantavälin aikana. Lisätietona kirjataan edellä kulkeneen junan junanumero.
L;Liikenteenhoito;L3;Konflikti kapasiteetissa;L301;Tuloraide varattu;liikenteenohjaus;;LOKI;x;;;;;;;;;;sekundäärinen;Kun myöhästyminen johtuu konfliktista kapasiteetissa. Esimerkiksi liikenteen ruuhkautumisen takia asemalla ei ole vapaata / sopivaa tuloraidetta, tai ratapiha on täynnä.;Jos juna joutuu odottamaan sopivan tuloraiteen vapautumista saapuessaan asemalle. Jos kyseessä on linjalla ohitus tai kohtausraide on varattu, käytetään L2-koodia. Lisätietona liikenneohjaaja kirjaa suunnitellun tuloraiteen varanneen junan junanumero. Lisäksi raidenumero on suositeltava selite, jos se on tiedossa.
L;Liikenteenhoito;L3;Konflikti kapasiteetissa;L302;Risteävät kulkutiet;liikenteenohjaus;;LOKI;x;;;;;;;;;;sekundäärinen;Kun myöhästyminen johtuu konfliktista kapasiteetissa. Esimerkiksi liikenteen ruuhkautumisen takia asemalla ei ole vapaata / sopivaa tuloraidetta, tai ratapiha on täynnä.;Jos myöhästyminen johtuu risteävistä kulkuteistä asemalla tai ratapihalla (junan pituus, päällekkäiset kulkutiet, ohiajovarat, turvalaitteiden toteutukset). Jos kyse on junakohtauksesta tai ohituksesta linjalla, käytetään L2-syykoodia ja sen 2-tason tarkenteita. Lisätietona liikenneohjaaja kirjaa sen junan junanumero, jonka kanssa kulkutiet ristesivät. Lisäksi raidenumero on suositeltava selite, jos se on tiedossa.
L;Liikenteenhoito;L3;Konflikti kapasiteetissa;L303;Ahtaus ratapihalla;liikenteenohjaus;;LOKI;;;;x;;;;;;;sekundäärinen;Kun myöhästyminen johtuu konfliktista kapasiteetissa. Esimerkiksi liikenteen ruuhkautumisen takia asemalla ei ole vapaata / sopivaa tuloraidetta, tai ratapiha on täynnä.;Jos juna joutuu odottamaan ratapihalle pääsyä sen ruuhkautumisen takia (esim. kaluston seisotuksen, rikkinäisen kaluston, vaihtotyön tai poikkeuksellisen liikennetilanteen vuoksi). Liikenneohjaaja kirjaa selitteeseen liikennepaikan tai ratapihan, jossa ahtaus on ollut. Jos kaikki sopivat tuloraiteet ovat hetkellisesti varattuna edellisten junien takia, käytetään syykoodia L301 (Tuloraide varattu). Lisäksi raidenumero on suositeltava selite, jos se on tiedossa.
L;Liikenteenhoito;L3;Konflikti kapasiteetissa;L304;Suunnitteluvirhe;liikenteenohjaus --> lähtee opk:n tiedoksi;;LOKI;x;;;x;;;;;;;sekundäärinen;Kun myöhästyminen johtuu konfliktista kapasiteetissa. Esimerkiksi liikenteen ruuhkautumisen takia asemalla ei ole vapaata / sopivaa tuloraidetta, tai ratapiha on täynnä.;Jos havaitaan selkeä suunnitteluvirhe, joka johtaa konfliktiin kapasiteetissa. Esimerkiksi ratatyön takia ei ole käytössä riittävän pitkää sivuraidetta junakohtauksen toteuttamiseksi suunnitellussa paikassa. Lisätietona liikenneohjaaja kirjaa toisen tilanteessa mukana olleen junan junanumeron sekä sanallisen selitteen tilanteesta. Lisäksi raidenumero on suositeltava selite, jos se on tiedossa.
L;Liikenteenhoito;L4;Myöhästyminen ulkomailta;;;;;LOKI;;;;;;;;;;;ulkopuolinen;Kun juna saapuu myöhässä ulkomailta;
L;Liikenteenhoito;L5;Edessä oleva kalusto tukkii radan;L501;Kalusto rikki;järjestelmä;;POHA;;;;;;;;;;;sekundäärinen;Järjestelmät kirjaavat tämän syykoodin automaattisesti niille junille, jotka linkitetään toisen junan rikkoontumisesta, mäkeenjäännistä tai onnettomuudesta tehdylle POHA-tapahtumalle.;
L;Liikenteenhoito;L5;Edessä oleva kalusto tukkii radan;L502;Ei-kaupallinen juna tai ratatyökone rikki;järjestelmä;;POHA;;;;;;;;;;;sekundäärinen;Järjestelmät kirjaavat tämän syykoodin automaattisesti niille junille, jotka linkitetään toisen junan rikkoontumisesta, mäkeenjäännistä tai onnettomuudesta tehdylle POHA-tapahtumalle.;
L;Liikenteenhoito;L5;Edessä oleva kalusto tukkii radan;L503;Mäkeenjäänti;järjestelmä;;POHA;;;;;;;;;;;sekundäärinen;Järjestelmät kirjaavat tämän syykoodin automaattisesti niille junille, jotka linkitetään toisen junan rikkoontumisesta, mäkeenjäännistä tai onnettomuudesta tehdylle POHA-tapahtumalle.;
L;Liikenteenhoito;L5;Edessä oleva kalusto tukkii radan;L504;Onnettomuus;järjestelmä;;POHA;;;;;;;;;;;sekundäärinen;Järjestelmät kirjaavat tämän syykoodin automaattisesti niille junille, jotka linkitetään toisen junan rikkoontumisesta, mäkeenjäännistä tai onnettomuudesta tehdylle POHA-tapahtumalle.;
L;Liikenteenhoito;L6;Tulojuna myöhässä / peruttu;L601;Odotetaan koko junaa sen edelliseltä matkalta;liikenteenohjaus;;LOKI;x;;;;;;;;;;sekundäärinen;Kun odotetaan koko myöhässä olevaa junaa seuraavaa junaa varten. Tämä koskee junarunkojen kääntöjä ja kaukoliikenteen junien yhdistämistä väliasemalla. Jos odotetaan vain joitain vaunuja tai veturia, niin kirjataan K1 (Ka-luston odotus) tai V1 (Veturin odotus).;Jos juna ei pääse lähtemään ajoissa, koska käytettävä runko saapui myöhässä edelliseltä matkaltaan (koko junarungon kääntö).
L;Liikenteenhoito;L6;Tulojuna myöhässä / peruttu;L602;Odotetaan yhdistettävää runkoa;liikenteenohjaus;;LOKI;x;;;;;;;;;;sekundäärinen;Kun odotetaan koko myöhässä olevaa junaa seuraavaa junaa varten. Tämä koskee junarunkojen kääntöjä ja kaukoliikenteen junien yhdistämistä väliasemalla. Jos odotetaan vain joitain vaunuja tai veturia, niin kirjataan K1 (Ka-luston odotus) tai V1 (Veturin odotus).;Jos odotetaan väliasemalla myöhässä olevaa junaa runkojen yhdistämistä varten (yhdistettävät matkustajajunat).
L;Liikenteenhoito;L7;Liikenteenhoitovirhe;L701;Reititysvirhe;liikenteenohjaus;x;POHA;;;;;x;;;;;;liikenteenohjaus;Kun myöhästyminen johtuu liikenteenohjausautomatiikasta tai liikenneohjaajan virheestä.;Jos normaalissa liikennetilanteessa juna myöhästyy reititysvirheen takia. Esimerkiksi matkustajajunan reititys on tehty raiteelle, jolla ei ole laituria.
L;Liikenteenhoito;L7;Liikenteenhoitovirhe;L702;Poikkeustilanteen reititys virheellinen;liikenteenohjaus;x;POHA;;;;;x;;;;;;liikenteenohjaus;Kun myöhästyminen johtuu liikenteenohjausautomatiikasta tai liikenneohjaajan virheestä.;Jos poikkeustilanteessa tapahtuu virheellinen reititys. Esimerkiksi käytetään normaalitilanteen mukaista automatiikkaa.
L;Liikenteenhoito;L7;Liikenteenhoitovirhe;L703;Liikenteenohjaajan virhe;liikenteenohjaus;x;POHA;;;;;x;;;;;;liikenteenohjaus;Kun myöhästyminen johtuu liikenteenohjausautomatiikasta tai liikenneohjaajan virheestä.;Jos kyseessä on muu liikenneohjaajan toimintaan liittyvä virhe kuin reititysvirhe.
L;Liikenteenhoito;L7;Liikenteenhoitovirhe;L704;Automatiikkavirhe;liikenteenohjaus;x;POHA;;;;;x;;;;;;liikenteenohjaus;Kun myöhästyminen johtuu liikenteenohjausautomatiikasta tai liikenneohjaajan virheestä.;Jos havaitaan virhe liikenteenohjausautomatiikassa. Selitteessä on kerrottava selkeästi, missä ja miten automatiikkavirhe esiintyi.
P;Liikenteenhoitojärjestelmät;P1;Ratainfran laiteviat;P101;JKV / ERTMS-vika;Ensikirjaus käyttökeskus. Mahdollinen muutos alueohjaus (kunnossapitäjältä saatu tieto).;x;POHA;;;;;;;;;;x;liikennevirasto;Kun myöhästymien johtuu Liikenneviraston / radanpitäjän vastuulla olevien laitteiden vioista (paitsi valvontalaiteviat) tai muiden tahojen (liikennöitsijä) vastuulla olevien laitteiden vioista.;
P;Liikenteenhoitojärjestelmät;P1;Ratainfran laiteviat;P102;Baliisi;Ensikirjaus käyttökeskus. Mahdollinen muutos alueohjaus (kunnossapitäjältä saatu tieto).;x;POHA;;;;;;;;;;x;liikennevirasto;Kun myöhästymien johtuu Liikenneviraston / radanpitäjän vastuulla olevien laitteiden vioista (paitsi valvontalaiteviat) tai muiden tahojen (liikennöitsijä) vastuulla olevien laitteiden vioista.;
P;Liikenteenhoitojärjestelmät;P1;Ratainfran laiteviat;P103;Asetinlaite;Ensikirjaus käyttökeskus. Mahdollinen muutos alueohjaus (kunnossapitäjältä saatu tieto).;x;POHA;;;;;;;;;;x;liikennevirasto;Kun myöhästymien johtuu Liikenneviraston / radanpitäjän vastuulla olevien laitteiden vioista (paitsi valvontalaiteviat) tai muiden tahojen (liikennöitsijä) vastuulla olevien laitteiden vioista.;
P;Liikenteenhoitojärjestelmät;P1;Ratainfran laiteviat;P104;Suojastus;Ensikirjaus käyttökeskus. Mahdollinen muutos alueohjaus (kunnossapitäjältä saatu tieto).;x;POHA;;;;;;;;;;x;liikennevirasto;Kun myöhästymien johtuu Liikenneviraston / radanpitäjän vastuulla olevien laitteiden vioista (paitsi valvontalaiteviat) tai muiden tahojen (liikennöitsijä) vastuulla olevien laitteiden vioista.;
P;Liikenteenhoitojärjestelmät;P1;Ratainfran laiteviat;P105;Raidevirtapiiri;Ensikirjaus käyttökeskus. Mahdollinen muutos alueohjaus (kunnossapitäjältä saatu tieto).;x;POHA;;;;;;;;;;x;liikennevirasto;Kun myöhästymien johtuu Liikenneviraston / radanpitäjän vastuulla olevien laitteiden vioista (paitsi valvontalaiteviat) tai muiden tahojen (liikennöitsijä) vastuulla olevien laitteiden vioista.;
P;Liikenteenhoitojärjestelmät;P1;Ratainfran laiteviat;P106;Akselinlaskenta;Ensikirjaus käyttökeskus. Mahdollinen muutos alueohjaus (kunnossapitäjältä saatu tieto).;;;;;;;;;;;;x;liikennevirasto;Kun myöhästymien johtuu Liikenneviraston / radanpitäjän vastuulla olevien laitteiden vioista (paitsi valvontalaiteviat) tai muiden tahojen (liikennöitsijä) vastuulla olevien laitteiden vioista.;
P;Liikenteenhoitojärjestelmät;P1;Ratainfran laiteviat;P107;Kauko-ohjaus;Ensikirjaus käyttökeskus. Mahdollinen muutos alueohjaus (kunnossapitäjältä saatu tieto).;x;POHA;;;;;;;;;;x;liikennevirasto;Kun myöhästymien johtuu Liikenneviraston / radanpitäjän vastuulla olevien laitteiden vioista (paitsi valvontalaiteviat) tai muiden tahojen (liikennöitsijä) vastuulla olevien laitteiden vioista.;
P;Liikenteenhoitojärjestelmät;P1;Ratainfran laiteviat;P108;Opastin;Ensikirjaus käyttökeskus. Mahdollinen muutos alueohjaus (kunnossapitäjältä saatu tieto).;x;POHA;;;;;;;;;;x;liikennevirasto;Kun myöhästymien johtuu Liikenneviraston / radanpitäjän vastuulla olevien laitteiden vioista (paitsi valvontalaiteviat) tai muiden tahojen (liikennöitsijä) vastuulla olevien laitteiden vioista.;
P;Liikenteenhoitojärjestelmät;P1;Ratainfran laiteviat;P109;Vaihde;Ensikirjaus käyttökeskus. Mahdollinen muutos alueohjaus (kunnossapitäjältä saatu tieto).;x;POHA;;;;;;;;;;x;liikennevirasto;Kun myöhästymien johtuu Liikenneviraston / radanpitäjän vastuulla olevien laitteiden vioista (paitsi valvontalaiteviat) tai muiden tahojen (liikennöitsijä) vastuulla olevien laitteiden vioista.;
P;Liikenteenhoitojärjestelmät;P1;Ratainfran laiteviat;P110;Tasoristeyslaitos  ;Ensikirjaus käyttökeskus. Mahdollinen muutos alueohjaus (kunnossapitäjältä saatu tieto).;x;POHA;;;;;;;;;;x;liikennevirasto;Kun myöhästymien johtuu Liikenneviraston / radanpitäjän vastuulla olevien laitteiden vioista (paitsi valvontalaiteviat) tai muiden tahojen (liikennöitsijä) vastuulla olevien laitteiden vioista.;
P;Liikenteenhoitojärjestelmät;P1;Ratainfran laiteviat;P111;Avattava silta;Ensikirjaus käyttökeskus. Mahdollinen muutos alueohjaus (kunnossapitäjältä saatu tieto).;x;POHA;;;;;;;;;;x;liikennevirasto;Kun myöhästymien johtuu Liikenneviraston / radanpitäjän vastuulla olevien laitteiden vioista (paitsi valvontalaiteviat) tai muiden tahojen (liikennöitsijä) vastuulla olevien laitteiden vioista.;
P;Liikenteenhoitojärjestelmät;P1;Ratainfran laiteviat;P112;Tiedonsiirto;Ensikirjaus käyttökeskus. Mahdollinen muutos alueohjaus (kunnossapitäjältä saatu tieto).;x;POHA;;;;;;;;;;x;liikennevirasto;Kun myöhästymien johtuu Liikenneviraston / radanpitäjän vastuulla olevien laitteiden vioista (paitsi valvontalaiteviat) tai muiden tahojen (liikennöitsijä) vastuulla olevien laitteiden vioista.;
P;Liikenteenhoitojärjestelmät;P1;Ratainfran laiteviat;P113;Virransyöttö;Ensikirjaus käyttökeskus. Mahdollinen muutos alueohjaus (kunnossapitäjältä saatu tieto).;x;POHA;;;;;;;;;;x;liikennevirasto;Kun myöhästymien johtuu Liikenneviraston / radanpitäjän vastuulla olevien laitteiden vioista (paitsi valvontalaiteviat) tai muiden tahojen (liikennöitsijä) vastuulla olevien laitteiden vioista.;
P;Liikenteenhoitojärjestelmät;P1;Ratainfran laiteviat;P114;Laskumäkilaitteisto;Ensikirjaus käyttökeskus. Mahdollinen muutos alueohjaus (kunnossapitäjältä saatu tieto).;x;POHA;;;;;;;;;;x;liikennevirasto;Kun myöhästymien johtuu Liikenneviraston / radanpitäjän vastuulla olevien laitteiden vioista (paitsi valvontalaiteviat) tai muiden tahojen (liikennöitsijä) vastuulla olevien laitteiden vioista.;
P;Liikenteenhoitojärjestelmät;P1;Ratainfran laiteviat;P115;Tunnelitekniset järjestelmät;Ensikirjaus käyttökeskus. Mahdollinen muutos alueohjaus (kunnossapitäjältä saatu tieto).;x;POHA;;;;;;;;;;x;liikennevirasto;Kun myöhästymien johtuu Liikenneviraston / radanpitäjän vastuulla olevien laitteiden vioista (paitsi valvontalaiteviat) tai muiden tahojen (liikennöitsijä) vastuulla olevien laitteiden vioista.;
P;Liikenteenhoitojärjestelmät;P1;Ratainfran laiteviat;P116;Muut kuin radanpidon vastuulla olevat laiteviat;liikenteenohjaus;x;POHA;;;;;x;;;;;x;liikennöitsijä;Kun myöhästymien johtuu Liikenneviraston / radanpitäjän vastuulla olevien laitteiden vioista (paitsi valvontalaiteviat) tai muiden tahojen (liikennöitsijä) vastuulla olevien laitteiden vioista.;Jos kyse on muun tahon (liikennöitsijä) vastuulla olevan laitteen viasta, niin liikenteenohjaus luo POHA-tapahtuman ja täydentää siihen tämän 2-tason tarkenteen.
P;Liikenteenhoitojärjestelmät;P1;Ratainfran laiteviat;P117;Muut laiteviat;Ensikirjaus käyttökeskus. Mahdollinen muutos alueohjaus (kunnossapitäjältä saatu tieto).;x;POHA;;;;;x;;;;;x;liikennevirasto;Kun myöhästymien johtuu Liikenneviraston / radanpitäjän vastuulla olevien laitteiden vioista (paitsi valvontalaiteviat) tai muiden tahojen (liikennöitsijä) vastuulla olevien laitteiden vioista.;
P;Liikenteenhoitojärjestelmät;P2;Tietojärjestelmäviat;P201;LIIKE;liikenteenohjaus/ RLKE;x;POHA;;;;;;;;;;x;liikennevirasto;Kun myöhästyminen johtuu tietojärjestelmien vioista. Lisäksi tälle syykoodille kirjataan lähtötietojen (kokoonpano tai aikataulu) puuttumisesta johtuvat myöhästymiset. Lähtötietojen puuttumisen osalta ei oteta ensikirjauksen yhteydessä kantaa siihen, missä järjestelmässä vika on, koska se selviää yleensä vasta myöhemmin.;Tarkenteena käytetään sitä järjestelmää jossa vika ilmenee.
P;Liikenteenhoitojärjestelmät;P2;Tietojärjestelmäviat;P202;MIKU;liikenteenohjaus/ RLKE;x;POHA;;;;;;;;;;x;liikennevirasto;Kun myöhästyminen johtuu tietojärjestelmien vioista. Lisäksi tälle syykoodille kirjataan lähtötietojen (kokoonpano tai aikataulu) puuttumisesta johtuvat myöhästymiset. Lähtötietojen puuttumisen osalta ei oteta ensikirjauksen yhteydessä kantaa siihen, missä järjestelmässä vika on, koska se selviää yleensä vasta myöhemmin.;Tarkenteena käytetään sitä järjestelmää jossa vika ilmenee.
P;Liikenteenhoitojärjestelmät;P2;Tietojärjestelmäviat;P203;LOKI;liikenteenohjaus/ RLKE;x;POHA;;;;;;;;;;x;liikennevirasto;Kun myöhästyminen johtuu tietojärjestelmien vioista. Lisäksi tälle syykoodille kirjataan lähtötietojen (kokoonpano tai aikataulu) puuttumisesta johtuvat myöhästymiset. Lähtötietojen puuttumisen osalta ei oteta ensikirjauksen yhteydessä kantaa siihen, missä järjestelmässä vika on, koska se selviää yleensä vasta myöhemmin.;Tarkenteena käytetään sitä järjestelmää jossa vika ilmenee.
P;Liikenteenhoitojärjestelmät;P2;Tietojärjestelmäviat;P204;SANTRA;liikenteenohjaus/ RLKE;x;POHA;;;;;;;;;;x;liikennevirasto;Kun myöhästyminen johtuu tietojärjestelmien vioista. Lisäksi tälle syykoodille kirjataan lähtötietojen (kokoonpano tai aikataulu) puuttumisesta johtuvat myöhästymiset. Lähtötietojen puuttumisen osalta ei oteta ensikirjauksen yhteydessä kantaa siihen, missä järjestelmässä vika on, koska se selviää yleensä vasta myöhemmin.;Tarkenteena käytetään sitä järjestelmää jossa vika ilmenee.
P;Liikenteenhoitojärjestelmät;P2;Tietojärjestelmäviat;P205;Lähtövalmiusilmoitus;liikenteenohjaus/ RLKE;x;POHA;;;;;;;;;;x;liikennevirasto;Kun myöhästyminen johtuu tietojärjestelmien vioista. Lisäksi tälle syykoodille kirjataan lähtötietojen (kokoonpano tai aikataulu) puuttumisesta johtuvat myöhästymiset. Lähtötietojen puuttumisen osalta ei oteta ensikirjauksen yhteydessä kantaa siihen, missä järjestelmässä vika on, koska se selviää yleensä vasta myöhemmin.;Jos lähtövalmiusilmoitusta ei saada teknisten ongelmien takia. Jos kyse on siitä, ettei junahenkilökunta tee ilmoitusta ajallaan, käytetään syykoodia H2.
P;Liikenteenhoitojärjestelmät;P2;Tietojärjestelmäviat;P206;Lähtötietojen puuttuminen;liikenteenohjaus/ RLKE;x;POHA;;;;;;;;;;x;liikennevirasto/liikennöitsijä;Kun myöhästyminen johtuu tietojärjestelmien vioista. Lisäksi tälle syykoodille kirjataan lähtötietojen (kokoonpano tai aikataulu) puuttumisesta johtuvat myöhästymiset. Lähtötietojen puuttumisen osalta ei oteta ensikirjauksen yhteydessä kantaa siihen, missä järjestelmässä vika on, koska se selviää yleensä vasta myöhemmin.;Jos junan lähtö viivästyy lähtötietojen (kokoonpano tai aikataulu) puuttumisen takia. Ensikirjausta tehdessä ei tarvitse määrittää POHA-tapahtumaan, missä järjestelmässä vika on, vaan se tarkennetaan selitteeseen asian varmistuttua.
P;Liikenteenhoitojärjestelmät;P2;Tietojärjestelmäviat;P207;KUPLA;liikenteenohjaus/ RLKE;x;POHA;;;;;;;;;;x;liikennevirasto;Kun myöhästyminen johtuu tietojärjestelmien vioista. Lisäksi tälle syykoodille kirjataan lähtötietojen (kokoonpano tai aikataulu) puuttumisesta johtuvat myöhästymiset. Lähtötietojen puuttumisen osalta ei oteta ensikirjauksen yhteydessä kantaa siihen, missä järjestelmässä vika on, koska se selviää yleensä vasta myöhemmin.;Tarkenteena käytetään sitä järjestelmää jossa vika ilmenee.
P;Liikenteenhoitojärjestelmät;P2;Tietojärjestelmäviat;P208;Muiden kuin radanpitäjän vastuulla olevien tietojärjestelmien viat;liikenteenohjaus/ RLKE;x;POHA;;;;;x;;;;;x;liikennöitsijä;Kun myöhästyminen johtuu tietojärjestelmien vioista. Lisäksi tälle syykoodille kirjataan lähtötietojen (kokoonpano tai aikataulu) puuttumisesta johtuvat myöhästymiset. Lähtötietojen puuttumisen osalta ei oteta ensikirjauksen yhteydessä kantaa siihen, missä järjestelmässä vika on, koska se selviää yleensä vasta myöhemmin.;Jos myöhästyminen johtuu liikennöitsijän tai kolmannen osapuolen tietojärjestelmäviasta. POHA-tapahtuman selitteeseen kirjataan, mistä järjestelmästä on kyse.
P;Liikenteenhoitojärjestelmät;P2;Tietojärjestelmäviat;P209;Muut tietojärjestelmähäiriöt;liikenteenohjaus/ RLKE;x;POHA;;;;;x;;;;;x;liikennevirasto;Kun myöhästyminen johtuu tietojärjestelmien vioista. Lisäksi tälle syykoodille kirjataan lähtötietojen (kokoonpano tai aikataulu) puuttumisesta johtuvat myöhästymiset. Lähtötietojen puuttumisen osalta ei oteta ensikirjauksen yhteydessä kantaa siihen, missä järjestelmässä vika on, koska se selviää yleensä vasta myöhemmin.;Jos kyse on radanpitäjän vastuulla olevasta tietojärjestelmäviasta, mutta järjestelmälle ei ole omaa 2-tason tarkennetta. POHA-tapahtuman selitteeseen kirjataan, mistä järjestelmästä on kyse.
P;Liikenteenhoitojärjestelmät;P3;Valvontalaitevika;P301;Kuumakäynti-ilmaisin vika / aiheeton hälytys;liikenteenohjaus/ RLKE;x;POHA;;;;;;;;;;x;liikennevirasto;Kun myöhästyminen johtuu valvontalaiteviasta tai aiheettomasta hälytyksestä. ;Tarkenteena käytetään sitä ilmaisinta jossa vika ilmenee tai joka antaa aiheettoman hälytyksen.
P;Liikenteenhoitojärjestelmät;P3;Valvontalaitevika;P302;Pyörävoimailmaisin vika / aiheeton hälytys;liikenteenohjaus/ RLKE;x;POHA;;;;;;;;;;x;liikennevirasto;Kun myöhästyminen johtuu valvontalaiteviasta tai aiheettomasta hälytyksestä. ;Tarkenteena käytetään sitä ilmaisinta jossa vika ilmenee tai joka antaa aiheettoman hälytyksen.
P;Liikenteenhoitojärjestelmät;P3;Valvontalaitevika;P303;Virrotinkamera vika / aiheeton hälytys;liikenteenohjaus/ RLKE;x;POHA;;;;;;;;;;x;liikennevirasto;Kun myöhästyminen johtuu valvontalaiteviasta tai aiheettomasta hälytyksestä. ;Tarkenteena käytetään sitä ilmaisinta jossa vika ilmenee tai joka antaa aiheettoman hälytyksen.
P;Liikenteenhoitojärjestelmät;P3;Valvontalaitevika;P304;Muut valvontalaitehäiriöt;liikenteenohjaus/ RLKE;x;POHA;;;;;x;;;;;x;liikennevirasto;Kun myöhästyminen johtuu valvontalaiteviasta tai aiheettomasta hälytyksestä. ;Jos virheellisen ilmoituksen antanutta valvontalaitetta ei ole 2-tason tarkenteissa.
P;Liikenteenhoitojärjestelmät;P4;Viestintälaite /-yhteys viat;P401;RAILI-vika /VIRVE;liikenteenohjaus/ RLKE;x;POHA;;;;;;;;;;x;liikennevirasto/liikennöitsijä;Kun myöhästyminen johtuu viestintälaitteiden ja -yhteyksien vioista.;
P;Liikenteenhoitojärjestelmät;P4;Viestintälaite /-yhteys viat;P402;Liikenteenohjaus -viestintävälineet (mm. GSM);liikenteenohjaus/ RLKE;x;POHA;;;;;;;;;;x;liikennevirasto;Kun myöhästyminen johtuu viestintälaitteiden ja -yhteyksien vioista.;
P;Liikenteenhoitojärjestelmät;P4;Viestintälaite /-yhteys viat;P403;Muut viestintä ja tietoliikennehäiriöt;liikenteenohjaus/ RLKE;x;POHA;;;;;x;;;;;x;liikennevirasto/liikennöitsijä;Kun myöhästyminen johtuu viestintälaitteiden ja -yhteyksien vioista.;
S;Sähkörata;S1;Sähkönjakeluhäiriö;S101;Laukaisu;käyttökeskus (kunnossapitäjä);x;POHA;;;;;;;;;;x;liikennevirasto;Kun myöhästyminen johtuu sähkönjakeluhäiriöistä, johon ei liity vikaa sähköradassa. Näitä ovat esimerkiksi laukaisu, kantaverkkovika tai tehon rajoite.;
S;Sähkörata;S1;Sähkönjakeluhäiriö;S102;Tehon rajoitus ;käyttökeskus (kunnossapitäjä);x;POHA;;;;;;;;;;;liikennevirasto;Kun myöhästyminen johtuu sähkönjakeluhäiriöistä, johon ei liity vikaa sähköradassa. Näitä ovat esimerkiksi laukaisu, kantaverkkovika tai tehon rajoite.;
S;Sähkörata;S1;Sähkönjakeluhäiriö;S103;Kantaverkkovika / -rajoitus;käyttökeskus (kunnossapitäjä);x;POHA;;;;;;;;;;;liikennevirasto;Kun myöhästyminen johtuu sähkönjakeluhäiriöistä, johon ei liity vikaa sähköradassa. Näitä ovat esimerkiksi laukaisu, kantaverkkovika tai tehon rajoite.;
S;Sähkörata;S1;Sähkönjakeluhäiriö;S104;Muu vika mm. virhetoiminto;käyttökeskus (kunnossapitäjä);x;POHA;;;;;;;;;;x;liikennevirasto;Kun myöhästyminen johtuu sähkönjakeluhäiriöistä, johon ei liity vikaa sähköradassa. Näitä ovat esimerkiksi laukaisu, kantaverkkovika tai tehon rajoite.;
S;Sähkörata;S2;Sähköratavika;S201;Sähköratarakenne;käyttökeskus (kunnossapitäjä);x;POHA;;;;;;;;;;x;liikennevirasto;Kun myöhästyminen johtuu sähkörataan liittyvästä viasta.;
S;Sähkörata;S2;Sähköratavika;S202;Syöttöasema;käyttökeskus (kunnossapitäjä);x;POHA;;;;;;;;;;x;liikennevirasto;Kun myöhästyminen johtuu sähkörataan liittyvästä viasta.;
S;Sähkörata;S2;Sähköratavika;S203;Erotusjakso;käyttökeskus (kunnossapitäjä);x;POHA;;;;;;;;;;x;liikennevirasto;Kun myöhästyminen johtuu sähkörataan liittyvästä viasta.;
S;Sähkörata;S2;Sähköratavika;S204;Puu tms. sähköratarakenteissa;käyttökeskus (kunnossapitäjä);x;POHA;;;;;;;;;;x;liikennevirasto;Kun myöhästyminen johtuu sähkörataan liittyvästä viasta.;
S;Sähkörata;S2;Sähköratavika;S205;Nostettava ajolanka;käyttökeskus (kunnossapitäjä);x;POHA;;;;;;;;;;x;liikennevirasto;Kun myöhästyminen johtuu sähkörataan liittyvästä viasta.;
S;Sähkörata;S2;Sähköratavika;S206;Muu sähköratavika;käyttökeskus (kunnossapitäjä);x;POHA;;;;;;;;;;x;liikennevirasto;Kun myöhästyminen johtuu sähkörataan liittyvästä viasta.;
T;Rata (ratarakenne);T1;Pitkäaikaiset nopeusrajoitukset;T101;Roudasta johtuvat nop.rajoitukset;liikenteenohjaus;;LOKI;;;;;;;;;x;;liikennevirasto;Kun myöhästyminen johtuu pidempiaikaisesta nopeusrajoituksesta, joka ei liity suoraan ratatyöhön (esimerkiksi roudasta tai muusta radan huonosta kunnosta johtuvat rajoitukset).  Myöhästymiseen linkitetään LOKIssa nopeusrajoituksen JETI-numero/merkintä LOKIn Merkinnät-välilehdeltä. Jos seurantavälillä on useita nopeusrajoituksia, niistä merkittävin linkitetään ja selitteessä mainitaan, että välillä on useampia rajoituksia.;Jos myöhästyminen aiheutuu roudasta johtuvasta nopeusrajoituksesta.
T;Rata (ratarakenne);T1;Pitkäaikaiset nopeusrajoitukset;T102;Muut suunnitellut nopeusrajoitukset;liikenteenohjaus;;LOKI;;;;;;;;;x;;liikennevirasto;Kun myöhästyminen johtuu pidempiaikaisesta nopeusrajoituksesta, joka ei liity suoraan ratatyöhön (esimerkiksi roudasta tai muusta radan huonosta kunnosta johtuvat rajoitukset).  Myöhästymiseen linkitetään LOKIssa nopeusrajoituksen JETI-numero/merkintä LOKIn Merkinnät-välilehdeltä. Jos seurantavälillä on useita nopeusrajoituksia, niistä merkittävin linkitetään ja selitteessä mainitaan, että välillä on useampia rajoituksia.;Jos myöhästyminen aiheutuu muusta suunnitellusta nopeusrajoituksesta kuin routarajoituksesta.
T;Rata (ratarakenne);T2;Liikenteenohjauksen asettamat nopeusrajoitukset (ratarakenne);;;;;LOKI;;;;;;;;;;;liikennevirasto;Kun myöhästyminen johtuu liikenteenohjauksen asettamasta lyhytaikaisesta nopeusrajoituksesta johon ei liity POHA-tapahtumaa. Jos myöhemmin todetaan esimerkiksi vika radassa, niin myöhästymisten syynä siirrytään käyttämään kyseisestä viasta tehtyä POHA-tapahtumaa tai asetettua pidempiaikaista nopeusrajoi-tusta. Aiempia häiriökirjauksia ei korjata järjestelmään.;
T;Rata (ratarakenne);T3;Ratarikko / este radalla;T301;Kiskoviat;käyttökeskus;x;POHA;;;;;;;;;;x;liikennevirasto;Kun myöhästyminen johtuu liikennöinnin estävästä ratarikosta tai liikennöinnin estävästä tai sitä hidastavasta luonnonilmiön aiheuttamasta esteestä radalla. Jos ratarikosta (esim. kiskovika) aiheutuu vain nopeusrajoitus, myöhästymiset kirjataan nopeusrajoituskoodeille (T1 tai T2). Jos este radalla on ilkivaltainen, myöhästyminen kirjataan ilkivaltaa koskevalle syykoodille (I3). Jos este radalla on jotain muuta, esimerkiksi eläin, joka ei jää junana alle, käytetään syykoodia I4 (Muu syy).;Havaituista kiskovioista ja muista ratarikoista informoidaan käyttökeskusta, joka luo tapauksesta POHA-tapahtuman ja samalla tarkentaa syyn 2-tasolle.
T;Rata (ratarakenne);T3;Ratarikko / este radalla;T302;Ratarakenne;käyttökeskus;x;POHA;;;;;;;;;;x;liikennevirasto;Kun myöhästyminen johtuu liikennöinnin estävästä ratarikosta tai liikennöinnin estävästä tai sitä hidastavasta luonnonilmiön aiheuttamasta esteestä radalla. Jos ratarikosta (esim. kiskovika) aiheutuu vain nopeusrajoitus, myöhästymiset kirjataan nopeusrajoituskoodeille (T1 tai T2). Jos este radalla on ilkivaltainen, myöhästyminen kirjataan ilkivaltaa koskevalle syykoodille (I3). Jos este radalla on jotain muuta, esimerkiksi eläin, joka ei jää junana alle, käytetään syykoodia I4 (Muu syy).;Havaituista kiskovioista ja muista ratarikoista informoidaan käyttökeskusta, joka luo tapauksesta POHA-tapahtuman ja samalla tarkentaa syyn 2-tasolle.
T;Rata (ratarakenne);T3;Ratarikko / este radalla;T303;Muu este (puu, lumieste tms. radalla);liikenteenohjaus/ käyttökeskus;x;POHA;;;;;x;;;;;x;liikennevirasto;Kun myöhästyminen johtuu liikennöinnin estävästä ratarikosta tai liikennöinnin estävästä tai sitä hidastavasta luonnonilmiön aiheuttamasta esteestä radalla. Jos ratarikosta (esim. kiskovika) aiheutuu vain nopeusrajoitus, myöhästymiset kirjataan nopeusrajoituskoodeille (T1 tai T2). Jos este radalla on ilkivaltainen, myöhästyminen kirjataan ilkivaltaa koskevalle syykoodille (I3). Jos este radalla on jotain muuta, esimerkiksi eläin, joka ei jää junana alle, käytetään syykoodia I4 (Muu syy).;Muiden luonnonilmiöistä johtuvien esteiden osalta alueohjaaja luo POHA-tapahtuman, jos esteen poistaminen ei vaadi ilmoitusta kunnossapitäjälle. Jos ilmoitus kunnossapidolle vaaditaan, niin POHA-tapahtuman luo käyttökeskus. Muita esteitä ovat esimerkiksi kaatuneet puut ja lumiesteet.  
R;Ratatyö;R1;Ratatyöt (ennakoidut työt nopeusrajoituksineen);;;;;LOKI;;;;;;;x;;;;liikennevirasto;Kun myöhästyminen johtuu ennakkoon sovitusta ratatyöstä (myös ratatöiden aikaiset nopeusrajoitukset). Liikenneohjaaja linkittää LOKIssa myöhästymiseen sen ratatyön numeron, joka on aiheuttanut myöhästymisen. Seurantavälillä ollessa käynnissä useampia ratatöitä, linkitetään se ratatyö, jolla oli merkittävin vaikutus. Selitteeseen lisätään maininta muista seurantavälillä olleista ratatöistä.;
R;Ratatyö;R2;Ratatyön sovitun ajan ylitys;R201;Konerikko tms.;liikenteenohjaus (ratatyövastaava/käyttökeskus);x;POHA;;;;;;;;x;;x;liikennevirasto;Kun myöhästyminen johtuu ratatyön sovitun ajan ylityksestä. Liikenteenohjaus luo POHA-tapahtuman saatuaan tiedon tai hyväksyttyään, että ratatyö jatkuu sovittua pidempään. Samalla, kun ratatyövastaava on liikenneohjaajaan yhteydessä ratatyön sovitun ajan ylittämisestä, hän ilmoittaa syyn sovitun ajan ylitykselle.;
R;Ratatyö;R2;Ratatyön sovitun ajan ylitys;R202;Sääolosuhteet;liikenteenohjaus (ratatyövastaava/käyttökeskus);x;POHA;;;;;;;;x;;x;liikennevirasto;Kun myöhästyminen johtuu ratatyön sovitun ajan ylityksestä. Liikenteenohjaus luo POHA-tapahtuman saatuaan tiedon tai hyväksyttyään, että ratatyö jatkuu sovittua pidempään. Samalla, kun ratatyövastaava on liikenneohjaajaan yhteydessä ratatyön sovitun ajan ylittämisestä, hän ilmoittaa syyn sovitun ajan ylitykselle.;
R;Ratatyö;R2;Ratatyön sovitun ajan ylitys;R203;Henkilöresurssit;liikenteenohjaus (ratatyövastaava/käyttökeskus);x;POHA;;;;;;;;x;;x;liikennevirasto;Kun myöhästyminen johtuu ratatyön sovitun ajan ylityksestä. Liikenteenohjaus luo POHA-tapahtuman saatuaan tiedon tai hyväksyttyään, että ratatyö jatkuu sovittua pidempään. Samalla, kun ratatyövastaava on liikenneohjaajaan yhteydessä ratatyön sovitun ajan ylittämisestä, hän ilmoittaa syyn sovitun ajan ylitykselle.;
R;Ratatyö;R2;Ratatyön sovitun ajan ylitys;R204;Suunnitteluvirhe;liikenteenohjaus (ratatyövastaava/käyttökeskus);x;POHA;;;;;;;;x;;x;liikennevirasto;Kun myöhästyminen johtuu ratatyön sovitun ajan ylityksestä. Liikenteenohjaus luo POHA-tapahtuman saatuaan tiedon tai hyväksyttyään, että ratatyö jatkuu sovittua pidempään. Samalla, kun ratatyövastaava on liikenneohjaajaan yhteydessä ratatyön sovitun ajan ylittämisestä, hän ilmoittaa syyn sovitun ajan ylitykselle.;
R;Ratatyö;R2;Ratatyön sovitun ajan ylitys;R205;Ratatyö alkanut myöhässä liikenteen takia;liikenteenohjaus (ratatyövastaava/käyttökeskus);x;POHA;;;;;;;;x;;x;liikennevirasto;Kun myöhästyminen johtuu ratatyön sovitun ajan ylityksestä. Liikenteenohjaus luo POHA-tapahtuman saatuaan tiedon tai hyväksyttyään, että ratatyö jatkuu sovittua pidempään. Samalla, kun ratatyövastaava on liikenneohjaajaan yhteydessä ratatyön sovitun ajan ylittämisestä, hän ilmoittaa syyn sovitun ajan ylitykselle.;Jos ratatyön sovittu aika ylittyy sen takia, että työn alkua on päätetty siirtää myöhässä olevan liikenteen takia. POHA-tapahtuman selitteeseen kirjataan sen junan junanumero, jota odotettiin.
R;Ratatyö;R2;Ratatyön sovitun ajan ylitys;R206;Muut syyt sovitun ajan ylitykseen;liikenteenohjaus (ratatyövastaava/käyttökeskus);x;POHA;;;;;x;;;x;;x;liikennevirasto;Kun myöhästyminen johtuu ratatyön sovitun ajan ylityksestä. Liikenteenohjaus luo POHA-tapahtuman saatuaan tiedon tai hyväksyttyään, että ratatyö jatkuu sovittua pidempään. Samalla, kun ratatyövastaava on liikenneohjaajaan yhteydessä ratatyön sovitun ajan ylittämisestä, hän ilmoittaa syyn sovitun ajan ylitykselle.;Jos ratatyön sovitun ajan ylitykselle ei ole erillistä syytä 2-tason tarkenteissa. POHA-tapahtuman selitteeseen kirjataan, mikä muu syy oli.
R;Ratatyö;R3;Liikennerajoite ratatyön jälkeen ;R301;Jatkettu liikennejärjestelyjä ;liikenteenohjaus (ratatyövastaava/käyttökeskus);x;POHA;;;;;x;;;x;;x;liikennevirasto;Kun myöhästyminen johtuu suunnitellun ratatyön jälkeen voimaan jääneestä muusta suunnittelemattomasta liikennerajoitteesta kuin nopeusrajoituksesta (esim. raide on pois käytöstä). Jos kyse on nopeusrajoituksesta, häiriökirjaukset tehdään T-syille.;Jos liikennejärjestelyjä jatketaan ratatyön jälkeen. Esimerkiksi kaikkia raiteita tai vaihteita ei saada suunnitellusti käyttöön.
R;Ratatyö;R3;Liikennerajoite ratatyön jälkeen ;R302;Muut liikennerajoitukset;liikenteenohjaus (ratatyövastaava/käyttökeskus);x;POHA;;;;;x;;;x;;x;liikennevirasto;Kun myöhästyminen johtuu suunnitellun ratatyön jälkeen voimaan jääneestä muusta suunnittelemattomasta liikennerajoitteesta kuin nopeusrajoituksesta (esim. raide on pois käytöstä). Jos kyse on nopeusrajoituksesta, häiriökirjaukset tehdään T-syille.;Jos ratatyön jälkeen jää voimaan joku muu liikennerajoite
O;Onnettomuus;O1;Allejäänti (ihminen);;;liikenteenohjaus;x;POHA;;x;;;;;;;;;ulkopuolinen;Kun myöhästyminen johtuu allejääntitapauksesta.;
O;Onnettomuus;O2;Allejäänti (eläin);;;liikenteenohjaus;x;POHA;;x;;;;;;;;;ulkopuolinen;Kun myöhästyminen johtuu eläimen allejäännistä.;
O;Onnettomuus;O3;Tasoristeysonnettomuus;;;liikenteenohjaus;x;POHA;;x;;;;;;;;;ulkopuolinen;Kun myöhästyminen johtuu tasoristeysonnettomuudesta.;
O;Onnettomuus;O4;Muut onnettomuudet ja vauriot;O401;Suistuminen ratapihalla;liikenteenohjaus;x;POHA;;x;;;;;;;;;ulkopuolinen;Kun myöhästyminen johtuu muusta onnettomuudesta tai vauriosta kuin allejäänneistä tai tasoristeysonnettomuudesta.;
O;Onnettomuus;O4;Muut onnettomuudet ja vauriot;O402;Suistuminen linjalla;liikenteenohjaus;x;POHA;;x;;;;;;;;;ulkopuolinen;Kun myöhästyminen johtuu muusta onnettomuudesta tai vauriosta kuin allejäänneistä tai tasoristeysonnettomuudesta.;
O;Onnettomuus;O4;Muut onnettomuudet ja vauriot;O403;Tulipalot, metsäpalot;liikenteenohjaus;x;POHA;;;;;;;;;;;ulkopuolinen;Kun myöhästyminen johtuu muusta onnettomuudesta tai vauriosta kuin allejäänneistä tai tasoristeysonnettomuudesta.;Jos radan läheisyydessä oleva tulipalo aiheuttaa liikenteen keskeytyksen tai nopeusrajoituksen
O;Onnettomuus;O4;Muut onnettomuudet ja vauriot;O404;Junan törmäys muuhun kalustoon;liikenteenohjaus;x;POHA;;x;;;;;;;;;ulkopuolinen;Kun myöhästyminen johtuu muusta onnettomuudesta tai vauriosta kuin allejäänneistä tai tasoristeysonnettomuudesta.;Jos juna törmää toiseen junaan tai muuhun radalla liikkuvaan/seisovaan kalustoon (työkoneet jne.)
O;Onnettomuus;O4;Muut onnettomuudet ja vauriot;O405;Muu onnettomuus;liikenteenohjaus;x;POHA;;x;;;x;;;;;;ulkopuolinen;Kun myöhästyminen johtuu muusta onnettomuudesta tai vauriosta kuin allejäänneistä tai tasoristeysonnettomuudesta.;Jos kyse on onnettomuudesta, jolle ei ole omaa 2-tason tarkennetta. Selitteeseen kirjataan, mikä onnettomuus oli kyseessä.
M;Matkustajapalvelu;M1;Pysähtymisajan ylitys;M101;Matkustajaruuhka;liikenteenohjaus (junahenkilökunta/opk);;LOKI/KUTI;;;;;;;;;;;ulkopuolinen;Kun myöhästyminen johtuu yksittäisen junan pysähdyksen pitkittymisestä matkustajiin tai matkustajapalveluun liittyvistä syistä. Tilanteissa joissa seurantavälillä pysähtymisaika ylittyy useammalla asemalla (lähiliikenne), tätä koodia käytetään vain jos junahenkilökunta/liikennöitsijä ilmoittaa että kyse on ollut matkustajista johtuvista syistä (esim. matkustajaruuhka). Jos junahenkilökunta / liikennöitsijä ei ilmoita kyseessä olleen matkustajista johtuvat syyt ja myöhästyminen on kertynyt vähän kerrallaan useammalla asemalla / välillä, voidaan käyttää koodia A2 (Toistuva poikkeama aika-taulussa). ;Jos pysähtymisajan ylitys johtuu matkustajaruuhkasta.
M;Matkustajapalvelu;M1;Pysähtymisajan ylitys;M102;Matkustajan aiheuttama häiriö;liikenteenohjaus (junahenkilökunta/opk);;LOKI/KUTI;;;;;;;;;;;ulkopuolinen;Kun myöhästyminen johtuu yksittäisen junan pysähdyksen pitkittymisestä matkustajiin tai matkustajapalveluun liittyvistä syistä. Tilanteissa joissa seurantavälillä pysähtymisaika ylittyy useammalla asemalla (lähiliikenne), tätä koodia käytetään vain jos junahenkilökunta/liikennöitsijä ilmoittaa että kyse on ollut matkustajista johtuvista syistä (esim. matkustajaruuhka). Jos junahenkilökunta / liikennöitsijä ei ilmoita kyseessä olleen matkustajista johtuvat syyt ja myöhästyminen on kertynyt vähän kerrallaan useammalla asemalla / välillä, voidaan käyttää koodia A2 (Toistuva poikkeama aika-taulussa). ;Jos pysähtymisajan ylitys johtuu matkustajan aiheuttamasta häiriöstä (esimerkiksi väkivaltaisesti käyttäytyvän matkustajan poistaminen junasta). 
M;Matkustajapalvelu;M1;Pysähtymisajan ylitys;M103;Matkustajan sairaskohtaus;liikenteenohjaus (junahenkilökunta/opk);;LOKI/KUTI;;;;;;;;;;;ulkopuolinen;Kun myöhästyminen johtuu yksittäisen junan pysähdyksen pitkittymisestä matkustajiin tai matkustajapalveluun liittyvistä syistä. Tilanteissa joissa seurantavälillä pysähtymisaika ylittyy useammalla asemalla (lähiliikenne), tätä koodia käytetään vain jos junahenkilökunta/liikennöitsijä ilmoittaa että kyse on ollut matkustajista johtuvista syistä (esim. matkustajaruuhka). Jos junahenkilökunta / liikennöitsijä ei ilmoita kyseessä olleen matkustajista johtuvat syyt ja myöhästyminen on kertynyt vähän kerrallaan useammalla asemalla / välillä, voidaan käyttää koodia A2 (Toistuva poikkeama aika-taulussa). ;Jos pysähtymisajan ylitys johtuu matkustajan sairaskohtauksesta.
M;Matkustajapalvelu;M1;Pysähtymisajan ylitys;M104;Passi- ja tullitarkastus;liikenteenohjaus (junahenkilökunta/opk);;LOKI/KUTI;;;;;;;;;;;ulkopuolinen;Kun myöhästyminen johtuu yksittäisen junan pysähdyksen pitkittymisestä matkustajiin tai matkustajapalveluun liittyvistä syistä. Tilanteissa joissa seurantavälillä pysähtymisaika ylittyy useammalla asemalla (lähiliikenne), tätä koodia käytetään vain jos junahenkilökunta/liikennöitsijä ilmoittaa että kyse on ollut matkustajista johtuvista syistä (esim. matkustajaruuhka). Jos junahenkilökunta / liikennöitsijä ei ilmoita kyseessä olleen matkustajista johtuvat syyt ja myöhästyminen on kertynyt vähän kerrallaan useammalla asemalla / välillä, voidaan käyttää koodia A2 (Toistuva poikkeama aika-taulussa). ;Jos pysähtymisajan ylitys johtuu passi- ja tullitarkastuksesta.
M;Matkustajapalvelu;M1;Pysähtymisajan ylitys;M105;Vankien kuormaus ja purku;liikenteenohjaus (junahenkilökunta/opk);;LOKI/KUTI;;;;;;;;;;;ulkopuolinen;Kun myöhästyminen johtuu yksittäisen junan pysähdyksen pitkittymisestä matkustajiin tai matkustajapalveluun liittyvistä syistä. Tilanteissa joissa seurantavälillä pysähtymisaika ylittyy useammalla asemalla (lähiliikenne), tätä koodia käytetään vain jos junahenkilökunta/liikennöitsijä ilmoittaa että kyse on ollut matkustajista johtuvista syistä (esim. matkustajaruuhka). Jos junahenkilökunta / liikennöitsijä ei ilmoita kyseessä olleen matkustajista johtuvat syyt ja myöhästyminen on kertynyt vähän kerrallaan useammalla asemalla / välillä, voidaan käyttää koodia A2 (Toistuva poikkeama aika-taulussa). ;Jos pysähtymisajan ylitys johtuu vankien kuormauksesta tai purusta.
M;Matkustajapalvelu;M1;Pysähtymisajan ylitys;M106;Inva-palvelu;liikenteenohjaus (junahenkilökunta/opk);;LOKI/KUTI;;;;;;;;;;;ulkopuolinen;Kun myöhästyminen johtuu yksittäisen junan pysähdyksen pitkittymisestä matkustajiin tai matkustajapalveluun liittyvistä syistä. Tilanteissa joissa seurantavälillä pysähtymisaika ylittyy useammalla asemalla (lähiliikenne), tätä koodia käytetään vain jos junahenkilökunta/liikennöitsijä ilmoittaa että kyse on ollut matkustajista johtuvista syistä (esim. matkustajaruuhka). Jos junahenkilökunta / liikennöitsijä ei ilmoita kyseessä olleen matkustajista johtuvat syyt ja myöhästyminen on kertynyt vähän kerrallaan useammalla asemalla / välillä, voidaan käyttää koodia A2 (Toistuva poikkeama aika-taulussa). ;Jos pysähtymisajan ylitys johtuu inva-palvelusta.
M;Matkustajapalvelu;M1;Pysähtymisajan ylitys;M107;Ovien sulkeminen;liikenteenohjaus (junahenkilökunta/opk);;LOKI/KUTI;;;;;;;;;;;ulkopuolinen;Kun myöhästyminen johtuu yksittäisen junan pysähdyksen pitkittymisestä matkustajiin tai matkustajapalveluun liittyvistä syistä. Tilanteissa joissa seurantavälillä pysähtymisaika ylittyy useammalla asemalla (lähiliikenne), tätä koodia käytetään vain jos junahenkilökunta/liikennöitsijä ilmoittaa että kyse on ollut matkustajista johtuvista syistä (esim. matkustajaruuhka). Jos junahenkilökunta / liikennöitsijä ei ilmoita kyseessä olleen matkustajista johtuvat syyt ja myöhästyminen on kertynyt vähän kerrallaan useammalla asemalla / välillä, voidaan käyttää koodia A2 (Toistuva poikkeama aika-taulussa). ;Jos pysähtymisajan ylitys johtuu ovien sulkemisesta. Tällä tarkoitetaan tilannetta, jossa käytetään sellaista kalustoa jossa ovet joudutaan sulkemaan käsin. Jos kyse on oviviasta, jonka takia ovi/ovet eivät sulkeudu automaattisesti, niin kirjaukset syykoodille K203 (Ovivika).
M;Matkustajapalvelu;M1;Pysähtymisajan ylitys;M108;Matkustajien odotus aseman suunnittelun vuoksi;liikenteenohjaus (junahenkilökunta/opk);;LOKI/KUTI;;;;;;;;;;;ulkopuolinen;Kun myöhästyminen johtuu yksittäisen junan pysähdyksen pitkittymisestä matkustajiin tai matkustajapalveluun liittyvistä syistä. Tilanteissa joissa seurantavälillä pysähtymisaika ylittyy useammalla asemalla (lähiliikenne), tätä koodia käytetään vain jos junahenkilökunta/liikennöitsijä ilmoittaa että kyse on ollut matkustajista johtuvista syistä (esim. matkustajaruuhka). Jos junahenkilökunta / liikennöitsijä ei ilmoita kyseessä olleen matkustajista johtuvat syyt ja myöhästyminen on kertynyt vähän kerrallaan useammalla asemalla / välillä, voidaan käyttää koodia A2 (Toistuva poikkeama aika-taulussa). ;Jos matkustajien siirtyminen junaan kestää odotettua kauemmin aseman suunnittelun vuoksi. Esimerkiksi sateisella säällä matkustajat ovat odottaneet junaa katoksen alla yhdessä kohtaa laituria, ja siirtyvät sitten hitaasti junaan (katoksen sijoittelu Hämeenlinnassa ja Imatralla).
M;Matkustajapalvelu;M1;Pysähtymisajan ylitys;M109;Matkustajien odotus kalustomuutoksen vuoksi ;liikenteenohjaus (junahenkilökunta/opk);;LOKI/KUTI;;;;;;;;;;;ulkopuolinen;Kun myöhästyminen johtuu yksittäisen junan pysähdyksen pitkittymisestä matkustajiin tai matkustajapalveluun liittyvistä syistä. Tilanteissa joissa seurantavälillä pysähtymisaika ylittyy useammalla asemalla (lähiliikenne), tätä koodia käytetään vain jos junahenkilökunta/liikennöitsijä ilmoittaa että kyse on ollut matkustajista johtuvista syistä (esim. matkustajaruuhka). Jos junahenkilökunta / liikennöitsijä ei ilmoita kyseessä olleen matkustajista johtuvat syyt ja myöhästyminen on kertynyt vähän kerrallaan useammalla asemalla / välillä, voidaan käyttää koodia A2 (Toistuva poikkeama aika-taulussa). ;Jos korvaavan tai vajaan kaluston käytön takia matkustajien siirtyminen junaan kestää suunniteltua kauemmin.
M;Matkustajapalvelu;M1;Pysähtymisajan ylitys;M110;Muu syy pysähdysajan ylitykselle;liikenteenohjaus (junahenkilökunta/opk);;LOKI/KUTI;;;;x;;x;;;;;ulkopuolinen;Kun myöhästyminen johtuu yksittäisen junan pysähdyksen pitkittymisestä matkustajiin tai matkustajapalveluun liittyvistä syistä. Tilanteissa joissa seurantavälillä pysähtymisaika ylittyy useammalla asemalla (lähiliikenne), tätä koodia käytetään vain jos junahenkilökunta/liikennöitsijä ilmoittaa että kyse on ollut matkustajista johtuvista syistä (esim. matkustajaruuhka). Jos junahenkilökunta / liikennöitsijä ei ilmoita kyseessä olleen matkustajista johtuvat syyt ja myöhästyminen on kertynyt vähän kerrallaan useammalla asemalla / välillä, voidaan käyttää koodia A2 (Toistuva poikkeama aika-taulussa). ;Jos pysähtymisajan ylitykselle ei löydy sopivaa selitettä muista tämän syykoodin 2-tason tarkenteista. Tätä tarkennetta käytettäessä kirjataan sanallinen selite syystä.
M;Matkustajapalvelu;M2;Ylimääräinen pysähdys ;;;;;LOKI;;;;x;;;;;;;ulkopuolinen;Kun myöhästyminen johtuu aikataulusta poikkeavasta pysähdyksestä (esimerkiksi perutun tai paljon myöhässä olevan junan pysähdyksen korvaaminen tai sairaskohtauksen saaneen matkustajan siirtäminen ambulanssiin muualla kuin suunnitellulla pysähdyspaikalla). Jos kyse on teknisen vian tai sen epäilyn takia tehdystä ylimääräisestä pysähdyksestä, myöhästyminen kirjataan soveltuvalle teknisen vian koodille (K2, V2 tai P3).;
I;Muut syyt;I1;Poikkeukselliset sääolosuhteet;;;;x;POHA;;;;;x;;;;;;ulkopuolinen;Kun myöhästyminen johtuu poikkeuksellisista sääolosuhteista, ja siihen ei liity selkeää teknistä vikaa kalustossa tai infrassa. Rataliikennekeskus luo häiriötä koskevan POHA-tapahtuman ja sitä saa käyttää vain erillisellä luvalla.;
I;Muut syyt;I2;Lehtikeli tai muu liukkaus;;;;x;POHA;;;;;x;;;;;;ulkopuolinen;Kun myöhästyminen johtuu lehtikelistä tai muusta liukkaudesta. POHA-tapahtuman selitteeseen kirjataan liikennepaikka tai liikennepaikkaväli jolla liukkautta on havaittu. Lisäksi selitteeseen kirjataan jos liukkaudelle on muu selkeä syy kuin lehtikeli.;
I;Muut syyt;I3;Ilkivalta, asiaton radalla liikkuminen;I301;Ilkivalta;liikenteenohjaus;x;POHA;;;;;x;;;;;;ulkopuolinen;Kun myöhästyminen johtuu ilkivallasta tai asiattomasta radalla liikkujasta. Jos ilkivallasta aiheutuu tekninen vika, myöhästymiset linkitetään viasta tehdylle POHA-tapahtumalle. Viasta vastuullinen taho tarkentaa vian POHA-tapahtumaan, jos vika johtuu ilkivallasta.;Jos myöhästyminen johtuu ilkivallasta, joka ei aiheuta teknistä vikaa ratalaitteisiin. Tällainen voi olla esimerkiksi radalle asetettu esine, jos juna ehtii pysähtyä ennen sitä tai törmäys siihen ei aiheuta kalustovikaa. POHA-tapahtuman selitteeseen kirjataan, minkälaisesta ilkivallasta on kyse, ja missä se on tapahtunut.
I;Muut syyt;I3;Ilkivalta, asiaton radalla liikkuminen;I302;Asiaton radalla liikkuminen;liikenteenohjaus;x;POHA;;;;;x;;;;;;ulkopuolinen;Kun myöhästyminen johtuu ilkivallasta tai asiattomasta radalla liikkujasta. Jos ilkivallasta aiheutuu tekninen vika, myöhästymiset linkitetään viasta tehdylle POHA-tapahtumalle. Viasta vastuullinen taho tarkentaa vian POHA-tapahtumaan, jos vika johtuu ilkivallasta.;Jos myöhästyminen johtuu asiattomasta radalla liikkujasta johtuvasta liikenteen keskeytyksestä tai nopeusrajoituksesta. POHA-tapahtuman selitteeseen kirjataan, missä asiaton radalla liikkuja on ollut ja aikaväli, jonka aikaa liikenne oli keskeytettynä.
I;Muut syyt;I4;Muu syy ;;;;;LOKI;;;;x;;;;;;;ulkopuolinen;Kun myöhästyminen johtuu syystä, jolle ei löydy soveltuvaa syykoodia syykoodistosta (esimerkiksi opastimien peittyminen lumeen tai eläin/lauma eläimiä radalla). Liikenteenohjaaja kirjaa aina selitteeseen, mikä myöhästymisen syy on ollut. Mikäli liikenteenohjaus ei tiedä syytä myöhästymiselle, tulee syytä kysyä ainakin liikennöitsijältä (operaatiokeskus/junahenkilökunta). Jos liikennöitsijäkään ei pysty tunnistamaan syytä myöhästymiselle, voidaan käyttää I4 syykoodia. Selitteeseen kirjataan silloin, ettei häiriön syy ole tiedossa.;
